valid_from,date,AED,AFN,ALL,AMD,ANG,AOA,ARS,AWG,AZN,BAM,BBD,BDT,BHD,BIF,BMD,BND,BOB,BRL,BSD,BTN,BWP,BYN,BYR,BZD,CDF,CLP,COP,CRC,CUP,CVE,DJF,DOP,DZD,EGP,ERN,ETB,FJD,FKP,GEL,GHC,GHS,GIP,GMD,GNF,GTQ,GYD,HNL,HTG,ILS,INR,IQD,IRR,ISK,JMD,JOD,KES,KGS,KHR,KMF,KPW,KWD,KYD,KZT,LAK,LBP,LKR,LRD,LSL,LYD,MAD,MDL,MGA,MKD,MMK,MNT,MOP,MRO,MRU,MUR,MVR,MWK,MXN,MZN,NAD,NGN,NIO,NPR,OMR,PAB,PEN,PGK,PKR,PYG,QAR,RSD,RWF,SAR,SBD,SCR,SDD,SDG,SHP,SLE,SLL,SOS,SRD,SSP,STD,STN,SVC,SYP,SZL,TJS,TMM,TMT,TND,TOP,TTD,TWD,TZS,UAH,UGX,UYU,UZS,VEB,VEF,VES,VND,VUV,WST,XAF,XAG,XAU,XCD,XCG,XDR,XOF,XPD,XPF,XPT,YER,ZMK,ZMW,ZWD,ZWL,ZWR
2007-01-01,2006-12-29,4.8376,65.295,124.4697,478.5478,2.3574,105.7285,4.0452,2.3574,1.1529,1.95583,2.6340,90.9849,0.496516,1320.4769,1.3170,2.0212,10.5294,2.8127,1.3170,58.3036,7.914663,,2820.3555,2.5945,711.18,700.5123,2950.08,681.2182,1.3170,110.2399,234.0572,44.317,90.8829,7.5218,19.755,11.61535,2.18408,0.671716,2.26004,12146.6067,,0.671733,36.5138,7315.935,10.0224,265.6257,24.8847,49.4508,5.5525,58.3036,1760.829,12155.91,,88.1666,0.93380,91.729,50.6186,5360.19,492.9597,187.6066,0.38081,1.079942,167.5422,12771.6075,1991.304,141.5248,77.0445,9.20958,1.68976,11.1367,17.0058,2684.046,61.2451,8.4551,1534.305,10.5486,357.3021,,43.7902,16.8576,183.4041,14.2896,34.5647,9.20958,169.2345,23.7002,93.2541,0.507671,1.3170,4.2091,4.990773,80.1921,6808.89,4.7959,79.1122,722.7775,4.93908,10.04868,7.5990,265.1516,,0.671733,,3931.706,1814.8444,3.6152,,8926.6418,,11.5264,68.7606,9.20958,4.5107,6848.4,,1.7147,2.635998,8.1908,42.9217,1659.42,6.6390,2290.263,32.1611,1633.08,2827.9941,,,21127.9725,140.03,3.542227,657.2791,0.31350,15.5188,3.5164,,0.876154,657.2791,7.9095,119.23642,27.2683,261.4311,5788.215,,329.25,,
2007-02-01,2007-01-31,4.75768,64.052,124.4102,466.1212,2.3188,103.992,4.0235,2.3188,1.1306,1.95583,2.5908,89.5121,0.488398,1346.3999,1.2954,1.99187,10.3567,2.7488,1.2954,57.2243,8.116541,,2776.0422,2.5649,686.562,704.73,2918.5362,672.2737,1.2954,110.112,230.2185,43.5254,92.7692,7.3855,19.431,11.5076,2.187437,0.664069,2.2242,11983.0977,,0.664069,36.0121,7772.4,9.9746,260.9454,24.4766,49.9344,5.51938,57.2243,1672.3614,11956.542,,87.4071,0.91780,91.1314,50.0241,5265.801,491.8724,184.5297,0.37460,1.06223,163.5896,12558.903,1959.9402,140.7452,79.6671,9.4201,1.67594,11.1163,16.7625,2704.7952,61.3702,8.3165,1510.4364,10.4229,350.7943,,43.5254,16.5811,180.6617,14.2921,34.0366,9.4201,166.1027,23.4146,91.8374,0.49935,1.2954,4.1401,4.90892,78.6567,6787.896,4.71765,78.8251,711.4596,4.8587,9.89687,7.8213,260.3106,,0.664069,,3858.2517,1781.175,3.5559,,8776.335,,11.3373,67.6328,9.4201,4.4541,6736.08,,1.7035,2.557481,8.18751,42.6821,1678.8384,6.5353,2287.6764,31.4458,1609.5475,2781.6124,,,20776.9206,137.8759,3.477584,655.8299,0.33160,16.027,3.4587,,0.86844,655.8299,8.3392,119.379019,29.0632,257.1822,5541.0735,,323.85,,
2007-03-01,2007-02-28,4.85088,65.4983,125.9339,467.0855,2.3648,105.688,4.09838,2.3648,1.1525,1.95583,2.6422,91.1922,0.498061,1388.0005,1.3211,2.0154,10.5622,2.7981,1.3211,58.4884,8.218351,,2833.099,2.6026,746.4215,713.2619,2948.6952,685.5452,1.3211,110.1067,234.7859,44.0587,93.8739,7.5254,19.8165,11.7385,2.19817,0.673635,2.2620,12233.386,,0.673635,36.3633,7926.6,10.1989,266.1224,24.9622,50.5141,5.5608,58.4884,1693.2261,12209.6062,,89.0884,0.93600,91.7504,50.718,5369.611,490.7239,188.1907,0.38210,1.083304,165.2036,12780.3214,1997.5032,143.8414,79.9266,9.5542,1.7014,11.1463,16.9497,2681.833,61.4144,8.4815,1537.7604,10.6298,357.952,,43.015,16.9101,185.9448,14.727,34.8572,9.5526,169.2659,23.9686,93.4599,0.50860,1.3211,4.2123,5.00631,80.1643,6843.298,4.80966,79.6671,723.5982,4.9544,9.39677,8.10343,265.475,,0.673635,,3944.1771,1791.4116,3.6264,,8938.5626,,11.5623,68.9746,9.5526,4.5425,6869.72,,1.7195,2.62827,8.3097,43.5831,1657.9805,6.6716,2292.1085,32.0235,1643.2634,2836.798,,,21142.8844,140.9085,3.516369,661.8711,0.34830,16.4757,3.5670,,0.877574,661.8711,8.5177,119.231047,30.4934,262.4761,5594.8585,,330.275,,
2007-04-01,2007-03-30,4.89084,65.6668,126.3279,481.455,2.3839,106.4978,4.1306,2.3839,1.1603,1.95583,2.6636,91.6611,0.502095,1387.8954,1.3318,2.02081,10.6477,2.7202,1.3318,57.8967,8.376101,,2854.0474,2.6236,755.1306,716.575,2862.0382,690.9312,1.3318,109.9842,236.6875,43.3501,92.3418,7.5863,19.977,11.837,2.184174,0.680462,2.25973,12331.922,,0.680462,36.4913,7990.8,10.2509,269.6163,25.1644,49.9185,5.5370,57.8967,1694.9579,12312.491,,90.1162,0.94420,91.5612,50.6819,5359.4296,491.3956,189.7149,0.38536,1.092078,164.777,12837.2202,2013.0157,145.6989,80.5739,9.6407,1.70101,11.1657,16.6475,2656.941,61.0112,8.5502,1551.547,10.7174,361.1842,,42.884,17.047,185.9859,14.6507,35.2661,9.6407,170.537,24.2598,93.226,0.51260,1.3318,4.2398,5.046857,80.8736,6765.544,4.8472,80.785,727.7648,4.99458,10.00375,8.1582,,2.6708,0.680462,,3989.873,1813.2457,3.6558,,9011.6247,,11.6559,69.5333,9.6407,4.58037,6925.36,,1.7349,2.629158,8.3770,44.1026,1646.1048,6.6923,2316.0002,32.123,1664.8432,2859.7741,,,21355.413,141.0176,3.525146,655.195,0.32230,16.0174,3.5559,,0.880098,655.195,8.5217,119.267911,30.0795,264.7285,5653.491,,332.95,,
2007-05-01,2007-04-30,4.99705,67.4517,126.1456,485.3584,2.4353,108.7563,4.2039,2.4353,1.1815,1.95583,2.7210,94.1806,0.512929,1423.6,1.3605,2.0642,10.8772,2.7686,1.3605,56.039,8.290676,,2917.9324,2.6802,755.0775,716.1876,2871.3965,705.7458,1.3605,109.9579,241.7881,44.2843,94.2561,7.7309,20.4075,12.1153,2.194355,0.681989,2.29646,12632.2425,,0.682006,37.4138,5724.8139,10.4384,275.4264,25.7066,50.1284,5.4903,56.039,1726.4745,12592.788,,92.2759,0.96460,92.514,51.767,5542.677,490.112,193.8032,0.39339,1.115612,163.4641,13066.242,2056.3958,150.6074,83.6708,9.6017,1.7218,11.192,16.7614,2530.53,60.9918,8.7344,1584.5063,10.9613,368.9676,,42.7197,17.4144,191.8305,14.8726,35.9852,9.6017,173.1236,24.8789,89.4229,0.523731,1.3605,4.3169,5.155616,82.3783,6856.92,4.9539,80.5589,743.0997,5.1028,9.71815,8.33803,,2.7282,0.682006,,4066.9222,1852.1126,3.7346,,18242.6724,,11.9071,71.0317,9.6017,4.6789,7074.6,,1.7544,2.681909,8.5575,45.3523,1734.6375,6.8181,2344.1415,32.5976,1707.0057,2921.4016,,,21830.583,141.2471,3.514596,662.5635,0.31900,16.0222,3.6563,,0.892611,662.5635,8.7437,119.086316,30.272,270.4946,5625.6675,,340.125,,
2007-06-01,2007-05-31,4.94055,66.6981,124.5344,469.1734,2.4081,100.8497,4.14117,2.4081,1.1630,1.95583,2.6906,92.8593,0.507198,1428.036,1.3453,2.0605,10.7557,2.5989,1.3453,54.5788,8.410753,,2885.8098,2.6502,746.6415,705.6098,2548.6708,697.8206,1.3453,110.5362,239.0867,43.0496,94.9354,7.66249,20.1795,12.10508,2.186591,0.679839,2.2560,12460.8412,,0.679839,36.9958,4637.9218,10.3117,272.3493,25.4194,49.4141,5.4417,54.5788,1692.3874,12450.7515,,91.7293,0.95310,90.1351,51.1887,5490.1693,492.7915,191.638,0.38793,1.103148,164.6042,12887.974,2034.7662,149.1534,83.7449,9.5673,1.71639,11.1663,16.5943,2492.1682,61.0357,8.6368,1566.4673,10.834,348.695,,41.7178,17.2198,188.7577,14.4438,34.9778,9.5673,171.5258,24.7097,87.9503,0.51790,1.3453,4.2713,5.098016,81.7001,6787.0385,4.8964,81.4108,733.3244,5.04548,9.83788,8.24891,,2.6988,0.679839,,4022.7699,1825.2452,3.6928,,18156.5589,,11.7741,70.2381,9.56676,4.6270,6995.56,,1.7470,2.667658,8.4350,44.4205,1682.9703,6.7736,2279.6108,32.1796,1695.4412,2888.7627,,,21641.1684,140.8193,3.545862,657.0553,0.31670,15.6918,3.6323,,0.889755,657.0553,8.7708,119.108341,30.399,267.7752,5384.5632,,336.325,,
2007-07-01,2007-06-29,4.9608,67.2684,122.1392,461.7022,2.4174,101.2429,4.17473,2.4174,1.1568,1.95583,2.7010,92.9482,0.509132,1471.3698,1.3505,2.07079,10.6487,2.5960,1.3505,54.9654,8.377792,,2897.048,2.6605,752.9038,712.0511,2647.4527,700.4031,1.3505,110.5761,240.0109,44.634,94.9944,7.6877,20.2575,12.2545,2.149451,0.673667,2.25257,12553.5728,,0.673667,36.3284,4659.225,10.434,274.7525,25.542,48.2674,5.7450,54.9654,1689.0541,12525.8875,,92.6511,0.95680,90.1189,51.2515,5518.143,493.447,192.3787,0.38910,1.107412,164.8758,12976.9545,2042.6312,150.4457,84.4062,9.5413,1.72318,11.1865,16.4693,2559.1975,61.4791,8.6702,1571.7794,10.871,354.3982,,42.4732,17.2864,189.9208,14.5635,35.1873,9.5399,171.9186,24.9016,88.2363,0.51990,1.3505,4.2777,5.117721,81.6715,6948.3225,4.9169,78.6048,738.5466,5.0653,9.60659,8.5453,,2.7080,0.673667,,4024.2874,1831.8979,3.7071,,18229.5622,,11.8196,70.5096,9.5379,4.6452,7022.6,,1.7543,2.618771,8.5316,44.3234,1681.3725,6.7829,2155.398,32.2499,1708.4095,2899.9286,,,21776.8125,136.9407,3.486061,657.9298,0.29570,15.4385,3.6058,,0.891808,657.9298,8.6894,119.25,30.2819,268.871,5094.7612,,337.625,,
2007-08-01,2007-07-31,5.0349,68.302,121.8758,462.2686,2.4536,102.7627,4.2855,2.4536,1.1714,1.95583,2.7414,93.9067,0.516733,1501.9856,1.3707,2.0740,10.7326,2.5591,1.3707,55.2958,8.524254,,2941.5222,2.7003,767.592,715.6082,2705.6247,710.8519,1.3707,110.6525,243.6008,45.0275,95.1869,7.7512,20.5605,12.44273,2.167972,0.674424,2.2847,,1.27852,0.674424,34.9528,5338.8765,10.5407,279.2047,25.8994,48.9356,5.9010,55.2958,1705.1508,12707.7597,,94.1191,0.97107,92.4194,51.833,5593.8267,492.8133,195.2562,0.386709,1.123976,169.3774,13069.6245,2073.1838,153.2374,84.9834,9.7234,1.72808,11.2131,16.6197,2526.2001,61.5718,8.7999,1598.7845,11.0463,350.0768,,42.0668,17.545,193.5017,14.956,35.0762,9.7234,174.2502,25.3823,88.9365,0.52765,1.3707,4.3348,5.194269,82.804,7011.1305,4.9900,79.6925,752.7501,5.1407,9.84814,8.8479,,2.7487,0.674424,,4084.9738,1892.5762,3.7626,,18504.9435,,11.9964,70.748,9.7234,4.7145,7127.64,,1.7515,2.578685,8.5874,45.0412,1749.0132,6.8569,2276.0474,32.3074,1736.6906,2943.3041,,,22138.1757,135.4252,3.529094,657.0834,0.30330,15.6391,3.6803,,0.895426,657.0834,8.5613,119.219558,30.3048,272.7556,5338.8765,,342.675,,
2007-09-01,2007-08-31,5.03392,68.3605,123.5848,460.1454,2.4532,102.7505,4.3257,2.4532,1.1708,1.95583,2.7410,94.1465,0.51670,1516.0608,1.3705,2.0908,10.6351,2.67638,1.3705,56.026,8.554931,,2945.2045,2.6999,767.48,716.0862,2978.7818,710.7482,1.3705,111.0346,243.5653,45.158,94.6248,7.7461,20.5575,12.44503,2.237551,0.678509,2.2765,,1.28793,0.678533,32.6864,5515.8308,10.5357,278.1361,25.8956,49.0831,5.6490,56.026,1695.3085,12688.089,,94.4274,0.97093,91.5425,51.8186,5597.122,494.4394,195.2277,0.38584,1.123812,173.2106,13184.21,2072.8812,154.8829,85.6562,9.7806,1.7281,11.2186,16.446,2531.3135,61.8781,8.7986,1627.8114,11.0125,355.0554,,43.1982,17.5424,191.6096,15.1185,35.5234,9.7806,172.9571,25.484,90.2666,0.52757,1.3705,4.3445,5.193511,83.0317,7003.255,4.9891,79.8361,750.986,5.1406,10.05571,9.3960,,2.7498,0.678516,,4086.2485,1880.4055,3.7620,,18494.7056,,11.9946,70.3025,9.7806,4.7166,7126.6,,1.7468,2.748145,8.5999,45.2265,1747.3875,6.8943,2447.0278,32.3438,1742.8923,2942.8746,,,22251.438,141.1615,3.6498,659.2516,0.28030,15.6707,3.6592,,0.895348,659.2516,7.7181,119.293522,29.7696,272.6952,5557.3775,,342.625,,
2007-10-01,2007-09-28,5.20617,70.654,123.258,474.1103,2.5380,106.3212,4.4664,2.5380,1.2096,1.95583,2.8358,97.4594,0.53450,1571.2459,1.4179,2.11515,11.0029,2.60801,1.4179,56.4608,8.608986,,3047.0671,2.7933,794.024,725.3267,2861.3222,733.7632,1.4179,110.2572,251.9892,47.6414,96.6299,7.9225,21.2685,12.8785,2.227126,0.696107,2.3503,,1.3456,0.696107,26.5856,5887.1208,11.010,289.8897,26.7912,51.7136,5.6943,56.4608,1748.2707,13200.649,,99.7493,1.0032,95.1056,52.3205,5786.4499,492.9244,201.9799,0.39570,1.16268,171.3603,13640.198,2144.5738,160.9033,87.2008,9.7247,1.7691,11.272,15.8167,2616.0255,61.5369,9.1029,1677.7302,11.333,367.7607,,42.8773,18.1491,198.2196,15.4825,36.5747,9.7247,177.5211,26.4643,90.099,0.54560,1.4179,4.3884,5.373133,86.0807,7117.858,5.1597,78.7685,775.3304,5.3051,10.35156,10.1366,,2.8884,0.696107,,4226.058,1921.2545,3.8921,,19486.5825,,12.4095,72.6674,9.7247,4.8840,7373.08,,1.7717,2.780196,8.8902,46.3214,1741.8902,7.1249,2484.1608,32.7818,1807.865,3044.6567,,,22808.3394,141.2228,3.660986,657.2321,0.30950,16.7284,3.7787,,0.912232,657.2321,7.8002,119.040112,30.8605,282.0912,5515.631,,42537,,
2007-11-01,2007-10-30,5.2897,72.0782,122.7476,468.2275,2.5789,108.0424,4.5389,2.5789,1.2260,1.95583,2.8814,98.9113,0.54293,1643.3056,1.4407,2.09139,11.0069,2.5291,1.4407,56.7852,8.529899,,3100.3864,2.8094,806.792,712.8223,2889.8641,747.6152,1.4407,110.3876,256.0412,48.5516,95.9175,7.96167,21.6105,13.0906,2.207969,0.697135,2.33545,,1.36153,0.697135,28.0936,6069.2369,11.1251,294.5511,27.222,52.4785,5.72498,56.7852,1773.5017,13441.731,,102.3041,1.0200,96.6998,50.2804,5869.4118,492.0869,205.2277,0.39940,1.184251,174.1014,13848.0084,2178.3384,160.1698,88.603,9.4967,1.78144,11.3217,16.4456,2614.8705,61.3738,9.2493,1696.6404,11.50248,369.7989,,43.5235,18.441,201.4012,15.4551,36.8819,9.4967,173.1001,27.0051,90.8794,0.55460,1.4407,4.3408,5.459534,87.4361,7073.837,5.23947,77.0764,786.4983,5.3897,10.50985,11.5098,,2.9327,0.697135,,4303.0251,1966.5555,3.9547,,19807.8818,,12.609,73.6918,9.4977,4.9649,7491.64,,1.7849,2.731962,9.0332,46.6801,1685.619,7.2856,2500.3348,31.4613,1845.0325,3093.6151,,,23171.4984,138.6818,3.656599,656.1164,0.32160,17.4958,3.8683,,0.918316,656.1164,8.2123,119.259106,32.269,286.6273,5456.6512,,43221,,
2007-12-01,2007-11-30,5.3960,73.6722,121.5716,450.2105,2.6422,110.7252,4.6431,2.6422,1.2531,1.95583,2.9522,101.2531,0.55130,1689.6769,1.4761,2.1390,11.2774,2.6185,1.4761,58.4516,8.744668,,3180.9955,2.9079,821.4496,746.6852,3016.558,734.3598,1.4761,110.4371,262.3325,49.3755,98.9762,8.1614,22.1415,13.4161,2.281453,0.714386,2.3923,,1.4392,0.714383,30.260,6293.7878,11.3364,301.7886,27.8909,54.0991,5.6549,58.4516,1799.3659,13774.9652,,105.209,1.0429,95.2306,50.9845,5913.2566,491.6181,210.2704,0.40497,1.210404,178.3793,14080.5179,2231.8632,163.109,90.7802,9.9592,1.7941,11.36162,16.5803,2622.3802,61.5681,9.4766,1727.9965,11.8392,377.3207,,43.9361,18.8941,206.5182,16.0923,36.3785,9.9592,175.5009,27.7836,93.8918,0.56740,1.4761,4.4276,5.593682,90.3964,6981.953,5.36525,82.874,804.938,5.4764,10.58043,11.7844,,2.99774,0.714386,,4400.8593,2066.54,4.0519,,20799.8875,,12.9188,75.4219,9.9592,5.1073,7675.72,,1.7998,2.783781,9.3115,47.616,1716.7043,7.4787,2560.7383,32.2528,1897.128,3169.6295,,,23682.5484,145.2482,3.755024,655.4903,0.30990,17.3103,3.9670,,0.928511,655.4903,7.5580,119.205584,31.4298,293.6701,5513.2335,,44283,,
2008-01-01,2007-12-31,5.4063,73.1192,122.383,446.7824,2.6351,110.4414,4.6364,2.6351,1.2488,1.95583,2.9442,100.9051,0.55352,1651.3576,1.4721,2.12991,11.2468,2.61452,1.4721,58.0191,8.804426,,3167.9592,2.8706,808.919,732.7967,2969.5937,733.2751,1.4721,110.4826,261.6216,48.9179,97.9777,8.1260,22.0815,13.6118,2.289781,0.732479,2.34498,,1.4427,0.732479,33.6743,6292.3442,11.2542,300.6028,27.8153,54.1898,5.64163,58.0191,1788.6015,13737.6372,,103.6726,1.0437,93.4784,51.6707,5886.9279,492.5205,209.7006,0.40190,1.207124,177.1157,13762.6629,2226.5512,159.9849,90.9022,10.02979,1.8077,11.3653,16.7005,2649.78,61.8282,9.4509,1721.7682,11.832,371.7715,,40.1147,18.8429,206.5342,16.0747,34.7416,10.02979,173.5606,27.8159,92.8601,0.56677,1.4721,4.4089,5.578524,91.2555,6992.475,5.3593,79.5972,802.3681,5.5211,10.69538,11.8211,,3.0018,0.732479,,4383.3176,2052.1074,4.0409,,21137.8692,,12.8838,75.2243,10.02979,5.0996,7654.92,,1.7945,2.758291,9.2612,47.7431,1664.9451,7.4341,2502.6436,31.687,1899.009,,3.1610,,23557.2802,145.0018,3.754399,656.6935,0.32210,18.0945,3.9526,,0.932606,662.8233,7.9716,119.198988,33.3934,292.8743,5645.5035,,44163,,
2008-02-01,2008-01-31,5.4597,73.7032,121.986,456.509,2.6617,111.5778,4.6937,2.6617,1.2602,1.95583,2.9740,101.9487,0.55990,1721.3958,1.4870,2.1105,11.3161,,1.4870,58.541,9.48947,,3198.537,2.9294,816.363,690.4884,2890.728,738.2955,1.4870,110.7118,264.2696,50.558,99.3881,8.2603,22.305,13.79334,2.269017,0.746655,2.35697,,1.44053,0.746673,33.3832,6361.557,11.5614,301.7792,28.0969,56.114,5.39015,58.541,1802.244,13777.055,,106.4692,1.0535,106.841,53.4576,5910.825,494.7799,211.8232,0.40600,1.219342,178.7225,13745.828,2240.1655,160.3432,94.0528,11.2179,1.8082,11.4912,16.6209,2645.373,61.7625,9.5465,1741.9462,11.9522,373.3708,,42.3795,19.0336,208.8328,,35.8218,11.2179,175.1463,28.2213,93.7167,0.572488,1.4870,4.3643,5.634988,93.1457,6974.03,5.41142,82.3877,807.3681,5.5764,10.95219,11.9366,,3.0320,0.746655,,4426.97,2074.7903,4.0818,,21603.0319,,13.0142,75.9857,11.2179,5.1563,9293.75,,1.7930,2.753194,9.3768,47.8375,1732.355,7.5250,2583.6625,31.1824,1924.4308,,3.1930,,23747.39,148.1052,3.773154,659.7061,0.36190,19.9726,3.9629,,0.934256,659.7061,8.2593,119.057842,36.475,295.8386,5695.21,,44610,,
2008-03-01,2008-02-29,5.5702,75.0463,125.3704,466.0061,2.7149,113.7919,4.79088,2.7149,1.2824,1.95583,3.0334,103.9774,0.57160,1763.9828,1.5167,2.11618,11.4359,,1.5167,60.7021,9.734917,,3256.3549,2.9576,836.46,687.9069,2796.0364,751.5248,1.5167,110.6005,269.5479,51.4161,99.851,8.3343,22.7505,14.2091,2.242147,0.764369,2.3509,,1.48902,0.764369,33.0641,6574.8945,11.6718,308.9442,28.658,56.4971,5.5290,60.7021,1833.6903,14010.5162,,108.1938,1.0746,103.3631,55.1927,6059.2165,491.5943,216.0539,0.412868,1.243696,183.0657,13636.6497,2293.2504,163.5913,94.7938,11.6938,1.8364,11.4088,16.8751,2771.7692,61.8814,9.7372,1777.1932,12.1584,385.4617,,41.2922,19.4138,213.0721,,36.9771,11.6945,177.4918,28.8965,96.7655,0.58385,1.5167,4.3811,5.747536,94.7027,6991.987,5.5148,83.4755,825.4261,5.6759,11.2125,12.1328,,3.0496,0.764369,,4511.7806,2117.9699,4.1633,,21603.0319,,13.2742,77.5034,11.695,5.2370,9479.375,,1.8049,2.742676,9.5505,46.9039,1767.7138,7.6555,2564.7473,31.7749,1966.2195,,3.2568,,24168.6145,147.8782,3.748641,654.9262,0.41590,20.5407,4.0420,,0.941728,654.9262,12.0404,119.116488,45.6389,301.7475,5695.2085,,45501,,
2008-04-01,2008-03-31,5.8070,78.6291,123.8396,485.626,2.8303,118.6833,5.0013,2.8303,1.3227,1.95583,3.1624,108.4387,0.595962,1862.8908,1.5812,2.1824,11.8116,,1.5812,63.4338,10.468057,,3394.8364,3.1150,872.8224,695.7296,2890.4336,779.5316,1.5812,110.3766,281.0109,53.6027,103.00,8.62821,23.718,15.071,2.367066,0.796113,2.33235,,1.5409,0.796113,31.031,6909.6464,12.0408,323.6716,29.8815,60.3228,5.6291,63.4338,1905.346,14519.369,,112.447,1.1184,98.8013,57.6347,6225.1844,493.638,225.2419,0.41989,1.296586,190.8113,13829.1752,2390.7744,170.5482,98.825,12.85892,1.8601,11.4947,16.5986,2650.0912,61.904,10.1513,1846.4463,12.67197,384.2395,,41.1112,20.2394,222.127,,38.8975,12.85892,185.0241,30.242,100.9185,0.60900,1.5812,4.32703,5.991959,99.1887,6858.455,5.7532,82.3462,860.3309,5.9319,11.69332,12.6695,,3.20992,0.796113,,4697.682,2205.774,4.3404,,22841.88,,13.8387,80.7993,12.85892,5.4351,9882.5,,1.8182,2.85055,9.9938,48.0424,1947.2478,7.8981,2672.228,32.4146,2055.6074,,3.3953,,25473.132,152.4277,3.935291,656.0083,0.36580,19.0572,4.2139,,0.960638,656.0083,9.0482,119.27263,41.3169,314.5797,5842.534,,47436,,
2008-05-01,2008-04-30,5.7077,76.2082,121.7792,475.9125,2.7817,116.5733,4.9293,2.7817,1.2875,1.95583,3.1080,106.5656,0.58581,1815.5693,1.5540,2.1156,11.4219,,1.5540,63.038,9.885496,,3324.006,3.0303,857.031,716.9426,2769.3834,767.8159,1.5540,110.0454,276.1769,52.9137,101.6917,8.3489,23.310,14.88009,2.327916,0.789674,2.2702,,1.5618,0.789634,30.9246,6906.9084,11.624,316.9383,29.3675,59.052,5.34693,63.0458,1866.354,14264.166,,110.7691,1.1010,96.5811,56.6355,6155.394,489.8239,221.3673,0.41425,1.274282,187.1249,13557.096,2349.648,167.6191,97.5135,11.7853,1.8426,11.4573,16.0412,2538.459,61.3442,9.9767,1807.302,12.47093,377.5909,,40.3263,19.8912,218.3696,,37.7933,11.7853,183.069,29.8489,100.6308,0.59750,1.5540,4.4282,5.888884,100.3884,6359.745,5.6562,80.8218,844.7544,5.8289,11.97284,12.3964,,3.1547,0.789674,,4611.091,2169.384,4.2657,,22903.256,,13.6006,79.4094,11.7853,5.3310,9712.5,,1.8232,2.835249,9.7967,47.3815,1866.354,7.53651,2613.828,30.5361,2027.5815,,3.3330,,25053.588,149.0286,3.875312,655.3529,0.34070,17.9529,4.1414,,0.95599,655.3529,8.6273,119.223148,39.785,309.1683,5400.15,,46620,,
2008-06-01,2008-05-30,5.6958,77.0127,121.699,473.3724,2.7759,116.324,4.79779,2.7759,1.2794,1.95583,3.1016,106.3228,0.584566,1829.0911,1.5508,2.1149,11.2588,,1.5508,65.6454,9.963379,,3314.835,3.0241,855.2662,743.5311,2704.4401,805.8732,1.5508,110.265,275.6082,52.5721,99.0834,8.27952,23.262,14.906,2.30089,0.783969,2.2380,,1.5508,0.783969,32.1791,6861.6697,11.5302,317.0611,29.307,59.4732,4.99769,65.6454,1856.3076,14287.5204,,110.7659,1.09758,96.3047,56.5654,6243.5208,490.9383,220.9115,0.410954,1.271658,187.011,13454.7408,2344.8096,167.3081,98.4758,11.81082,1.8397,11.4233,15.7988,2516.173,61.4504,9.9561,1800.4788,12.465,391.9259,,42.9572,19.8502,217.889,,37.4053,11.81082,182.723,29.9107,105.3427,0.59710,1.5508,4.3864,5.876758,103.2057,6292.371,5.6468,82.3684,841.8533,5.81635,11.94684,12.4132,,3.1599,0.783969,,4607.9928,2162.9783,4.2569,,22817.4167,,13.5726,79.2459,11.81082,5.3186,22098.9,,1.8183,2.776475,9.60976,47.1288,1853.206,7.3896,2523.1516,30.6283,2027.671,,3.3300,,25194.2968,148.5899,3.866367,653.5847,0.34930,18.2335,4.1872,,0.956876,653.5847,8.7902,118.907264,40.9659,308.5317,5295.982,,837432000,,
2008-07-01,2008-06-30,5.7903,78.820,122.1552,477.2551,2.8218,118.2773,4.7702,2.8218,1.2848,1.95583,3.1528,108.0149,0.594232,1888.2119,1.5764,2.1398,11.3501,,1.5764,67.9507,10.394988,,3349.4559,3.10559,870.1728,821.5409,2993.8201,818.995,1.5764,110.3625,280.1578,53.6764,98.9904,8.3983,23.646,15.2067,2.36271,0.790076,2.23384,,1.72624,0.790076,32.0403,7034.6141,11.890,322.1373,29.7877,62.6926,5.27834,67.9507,1883.798,14565.936,,113.3038,1.11649,103.0179,57.4283,6456.9344,492.3901,224.5582,0.41745,1.29265,190.3739,13730.444,2376.423,169.8177,99.7073,12.3432,1.8808,11.4907,15.5512,2538.004,61.5427,9.7894,1824.4465,12.6757,371.9673,,42.7204,20.1779,221.50,,37.9991,12.3432,185.7157,30.5182,107.6618,0.606796,1.5764,4.6693,4.2696,107.81,6183.429,5.7412,78.6858,856.5385,5.9112,12.14003,12.5639,,3.2412,0.790076,,4681.5927,2194.3488,4.3272,,23095.8206,,13.7967,80.3176,12.3432,5.0688,22463.7,,1.8330,2.845231,9.77171,47.8595,1863.3048,7.1983,2558.4972,30.5033,2065.1155,,3.3850,,26549.7288,151.6497,3.966784,655.8455,0.36000,19.0235,4.2169,,0.967158,655.9716,9.5449,119.265888,42.3605,313.6248,5036.598,,17042334288,,
2008-08-01,2008-07-31,5.7339,78.1487,121.5472,470.5077,2.7944,116.9877,4.7244,2.7944,1.2626,1.95583,3.1222,106.9354,0.588496,1851.8861,1.5611,2.1343,11.0682,,1.5611,66.456,9.899176,,3298.6043,3.05136,861.7272,792.4534,2804.6723,860.9701,1.5611,110.4207,277.4387,53.7018,95.6573,8.2777,23.4165,15.13447,2.387916,0.78553,2.19642,,1.8031,0.78553,32.7831,7052.5815,11.6692,317.9883,29.4985,60.6487,5.44093,66.456,1862.3923,14418.3196,,112.7504,1.10565,105.1089,55.4112,6430.5612,493.6588,222.3787,0.41482,1.280104,187.6286,13439.5099,2353.3582,167.9158,99.1298,11.4778,1.85357,11.441,15.0568,2482.149,61.2341,10.0223,1803.5388,12.5481,355.2517,,41.6267,19.9821,219.3689,,37.0527,11.4778,183.8586,30.3553,105.8051,0.60100,1.5611,4.41721,3.9350,111.4625,6244.4,5.6842,76.3924,851.8439,5.85452,12.02618,12.4541,,3.23015,0.78553,,4635.3898,2191.199,4.2852,,22795.1041,,13.6627,79.6542,11.4778,5.3522,22245.675,,1.8274,2.833469,9.7185,47.8149,1810.0954,7.25716,2560.204,29.9731,2050.4112,,3.3522,,26164.036,150.6383,3.963189,656.7235,0.36000,18.7826,4.1525,,0.963374,654.7722,7.7849,118.761595,36.1029,310.5808,5495.072,,,,11.100
2008-09-01,2008-08-29,5.41239,74.1465,121.608,445.8796,2.6376,110.4032,4.4610,2.6376,1.2002,1.95583,2.9470,100.9274,0.555517,1735.1641,1.4735,2.0834,10.330,,1.4735,64.7419,9.748594,,3112.032,2.8733,813.372,756.4212,2849.6016,813.4678,1.4735,110.6598,261.8704,51.7272,89.6542,7.8777,22.1025,14.32102,2.357423,0.805843,2.0783,,1.7030,0.805843,32.1591,6746.7881,11.0144,300.5203,27.8433,59.1425,5.28139,64.7419,1757.8855,14104.342,,106.2025,1.0440,101.4799,50.9168,6070.82,492.3848,209.9001,0.39408,1.208272,176.3485,12753.1425,2221.3012,158.9494,93.5672,11.32304,1.81027,11.3639,14.1935,2401.805,61.5849,9.4599,1695.8512,11.8499,339.0155,,41.2948,18.8608,207.1491,,35.4892,11.32304,173.3204,28.7667,103.2924,0.56722,1.4735,4.3557,3.6738,112.1702,5864.53,5.3655,76.2433,808.6568,5.52629,11.35134,11.8612,,3.0815,0.805874,,4375.2783,2072.4836,4.0227,,21568.4152,,12.8931,75.1735,11.32304,5.0377,20997.375,,1.8112,2.795448,9.17364,46.4919,1714.4172,6.8835,2428.328,28.3376,1949.1458,,3.1640,,24364.3225,146.5985,3.892999,655.7075,0.30070,18.2519,3.8827,,0.937407,656.1053,6.5240,119.289669,32.1835,294.4348,5142.515,,,,51.350
2008-10-01,2008-09-30,5.25371,71.7438,122.7626,431.0996,2.5602,107.1711,4.4661,2.5602,1.1578,1.95583,2.8606,97.9684,0.53927,1708.8795,1.4303,2.0406,10.0693,,1.4303,67.1883,9.864138,,3022.939,2.8177,788.8104,791.1704,3099.9607,791.8927,1.4303,109.847,254.1929,50.082,85.9832,7.7751,21.4545,13.93034,2.30582,0.79089,2.00721,,1.6584,0.79089,34.1127,6912.8187,10.6343,293.14,27.0255,57.3733,4.9467,67.1883,1684.8934,13838.1525,,103.7969,1.0133,104.7409,52.635,5885.1095,487.4863,203.7462,0.382241,1.172848,171.5073,12199.7438,2148.3106,154.7585,90.824,11.85769,1.7596,11.3344,14.7822,2388.601,62.1108,9.1825,1639.4814,11.4443,336.9572,,40.4918,18.3078,201.0902,,34.3844,11.85769,168.2247,28.039,107.4785,0.55074,1.4303,4.2577,3.5377,111.921,5706.897,5.20951,77.1228,787.9165,5.3729,11.01854,11.8081,,3.06563,0.790911,,4251.8457,2013.8624,3.9262,,20748.1177,,12.5151,72.9762,11.85769,4.87797,20381.775,,1.7839,2.808089,8.93644,46.0657,1666.2995,7.2588,2389.3162,30.7157,1899.7531,,3.0713,,23742.98,149.5021,3.833557,657.8593,0.28320,19.8978,3.7688,,0.918496,657.6305,4.5912,119.659938,22.6357,285.8598,5127.6255,,,,177.61
2008-11-01,2008-10-30,4.78795,68.0948,123.7087,398.1476,2.3333,97.6746,4.3680,2.3333,1.0622,1.95583,2.6070,89.4136,0.49130,1571.7082,1.3035,1.9130,9.1506,,1.3035,64.7514,10.1836,,2754.9472,2.5418,741.8179,873.6709,3055.8928,724.2246,1.3035,109.8655,231.658,45.7594,85.0469,7.2638,19.5525,12.71949,2.335394,0.794672,1.8499,,1.52738,0.794672,31.1536,6415.1752,9.8088,267.4847,24.6296,52.3295,4.8757,64.7514,1531.6125,13079.319,,99.3267,0.92255,103.6934,50.641,5362.599,499.0111,185.6836,0.34920,1.068872,156.1789,11182.0748,1957.2052,143.385,82.7722,13.02198,1.69957,11.1715,13.5173,2424.51,63.122,8.3685,1492.1816,10.4077,325.3471,,41.3535,16.6848,183.2734,,31.3361,13.02198,153.5197,25.6556,103.6126,0.50160,1.3035,4.0350,3.2350,106.5611,6022.17,4.74611,85.4374,719.7797,4.88845,10.04172,11.6763,,2.87467,0.794672,,3910.6825,1860.3396,3.5781,,19218.0349,,11.4082,61.3332,13.02198,4.4346,18574.875,,1.76253,2.824485,8.1409,42.6505,1697.8088,7.8014,2476.7738,30.1108,1753.768,,2.7990,,21947.0295,155.7682,3.912065,659.2125,0.24590,18.6458,3.4347,,0.867017,659.2125,5.0378,119.898473,20.7876,260.6804,6132.9675,,,,855.8338
2008-12-01,2008-11-28,4.6748,66.5877,121.721,388.1735,2.2781,95.2234,4.2867,2.2781,1.03057,1.95583,2.5454,87.479,0.47973,1569.57,1.2727,1.9185,8.8707,,1.2727,63.7718,10.052923,,2727.3961,2.4818,763.62,844.1183,2938.1718,695.5306,1.2727,109.0577,226.1842,45.2063,91.2877,6.9967,19.0905,12.6906,2.316527,0.827444,2.09875,,1.5419,0.827444,33.7584,6344.4095,9.8017,259.8853,24.054,50.5262,5.00521,63.7718,1492.8771,12857.4518,,98.3097,0.90170,101.0206,50.0171,5190.0706,486.2936,181.2961,0.34738,1.043616,153.2102,10884.7668,1910.3227,139.9588,80.1801,12.7796,1.64605,11.0501,13.2424,2335.4045,60.5996,8.1707,1496.6952,10.162,320.7204,,40.6946,16.2906,178.9429,,31.3402,12.7796,152.0558,25.1464,100.7775,0.49000,1.2727,3.9377,3.1439,100.3588,6299.865,4.6347,89.3718,704.1531,4.7746,9.9728,21.4769,,2.7987,0.827444,,3848.8866,1814.5202,3.4936,,18723.7588,,11.1387,58.6078,12.7796,4.3330,18135.975,,1.7666,2.755955,7.9875,42.3669,1635.4195,9.5707,2516.1279,30.1312,1724.9921,,2.7329,,21601.5371,150.7704,3.821922,657.9859,0.25730,20.5587,3.3981,,0.85180,657.9859,4.7113,118.801937,22.0283,254.6036,5727.15,,,,83561.1039
2009-01-01,2008-12-31,5.11178,72.4937,123.8961,427.2519,2.4911,104.612,4.8061,2.4911,1.1182,1.95583,2.7834,95.902,0.524594,1710.3019,1.3917,1.9988,9.7001,,1.3917,67.9184,10.551175,,3061.74,2.7138,834.3242,886.8608,3129.3488,776.867598,1.3917,109.826,247.3329,49.2036,98.0276,7.66217,20.8755,13.9238,2.45493,0.947637,2.31892,,1.77129,0.947637,37.4367,6936.2328,10.8205,285.5838,26.2962,54.6242,5.2632,67.9184,1629.6807,13715.2035,170.02,111.1968,0.98637,108.7614,55.0417,5679.5277,490.0482,198.2477,0.38430,1.141196,168.2148,11785.6114,2092.7689,157.0533,88.373,12.9846,1.7277,11.2163,14.4319,2602.479,60.706,8.9347,1786.6018,11.10905,364.8411,,44.1865,17.8138,195.673,,35.1404,12.9846,194.4205,27.6226,108.0655,0.53587,1.3917,4.3741,3.5235,110.0817,6826.2885,5.0679,89.3551,776.7356,5.2232,10.55156,22.963,,3.0484,0.947644,,4224.2896,1972.1725,3.81848,,21192.9607,,12.1802,65.5958,12.9846,4.7839,19831.725,,1.8251,2.966113,8.7495,45.6373,1833.5648,10.8761,2706.8565,33.9046,1938.6381,,2.9884,,24334.5704,158.3128,4.074063,653.3976,0.25070,19.8623,3.7019,,0.903543,653.3976,4.2507,118.726195,21.0919,278.3776,6673.2015,,,,5623030.2468
2009-02-01,2009-01-30,4.7067,66.9764,125.9044,391.3686,2.2941,96.286,4.47041,2.2941,1.0343,1.95583,2.5632,88.2574,0.483093,1581.4688,1.2816,1.93361,9.0200,,1.2816,62.6382,10.364739,,3489.7968,2.4991,896.2395,790.9394,3086.7336,717.4909,1.2816,110.083,227.766,45.5288,92.2047,7.11192,19.224,14.1894,2.361526,0.897919,2.1353,,1.71766,0.897919,33.1294,6343.92,10.08908,263.6315,24.1966,50.9436,5.22348,,1498.1904,12425.7528,146.72,109.3205,0.90769,101.5508,51.6164,5294.9304,490.7426,182.5639,0.37134,1.050914,156.1822,10886.5512,1927.206,146.1024,82.6632,13.0449,1.6388,11.05797,13.5209,2493.9936,61.3374,8.2279,1820.5128,10.23787,334.158,,42.2287,16.4045,180.1981,,33.1806,13.0371,190.7021,25.5396,100.2314,0.49348,1.2816,4.06299,3.2866,101.2464,6494.508,4.6686,95.0847,725.3715,4.8093,9.91306,21.4924,,2.85726,0.897951,,3919.4596,1817.5228,3.5180,,21181.9644,,11.2166,59.9174,13.0471,4.70546,,3.6526,1.8221,2.824774,7.98738,43.1707,1675.692,9.8491,2515.14,29.0923,1794.9064,,2.7520,,22406.8536,152.1195,3.922865,654.2324,0.31310,23.1391,3.4411,,0.859027,654.2209,4.8793,118.920593,24.6474,256.5122,6581.016,,,,4613760000
2009-03-01,2009-02-27,4.6441,66.2419,129.8665,385.8355,2.2633,95.7315,4.5000,2.2633,1.0216,1.95583,2.5288,87.1677,0.47662,1555.7557,1.2644,1.9385,8.8761,,1.2644,64.8637,10.196774,,3613.6552,2.4656,947.2151,755.637,3234.5565,714.7021,1.2644,109.8178,224.7092,45.0126,91.6437,7.0389,18.966,14.0427,2.36469,0.892717,2.12552,,1.7607,0.892717,32.8112,6252.458,10.15852,259.1388,23.8782,50.2599,5.27881,,1478.0836,12261.519,144.88,111.0459,0.89650,100.8169,51.9036,5220.0754,493.1185,180.1138,0.37142,1.03681,190.3365,10796.0794,1900.7093,144.4893,81.5538,12.778,1.65529,11.0572,13.5512,2457.3614,61.2602,8.1174,1960.4522,10.0998,328.2951,,43.4954,16.1843,177.7772,,32.4319,12.7856,187.0048,25.2913,101.7842,0.48673,1.2644,4.1087,3.2040,101.0129,6473.728,4.6041,93.8264,717.3953,4.74207,9.85348,21.3558,,2.88871,0.892705,,3894.8072,1777.3254,3.4708,,21702.7938,,11.066,59.5273,12.778,4.7270,,3.6035,1.8370,2.770073,7.8718,44.3046,1681.652,10.8359,2504.1505,29.8417,1780.8315,,2.7150,,22101.0798,152.866,3.879718,656.7546,0.33790,24.4057,3.3886,,0.861684,656.8052,4.9075,119.363284,26.9406,253.1013,7131.216,,,,104.7303
2009-04-01,2009-03-31,4.888228,68.695896,131.097095,493.19448,2.382132,100.45943,4.944255,2.382132,1.072292,1.95583,2.6616,91.871778,0.501692,1650.418132,1.3308,2.023215,9.408756,,1.3308,67.511484,10.316279,,3766.164,2.59506,1081.275,776.5218,3416.06379,752.5674,1.3308,110.995374,236.509776,47.70918,99.71884,7.503382,19.962,14.856585,2.386657,0.929724,2.221105,,1.87909,0.929724,35.33274,6677.289,10.768168,270.079206,25.145599,52.8993,5.564607,,1555.7052,12946.6878,163.22,117.54291,0.940476,106.214475,56.65881,5446.9644,492.189726,189.57246,0.388427,1.091256,200.797758,11408.283,2000.5251,154.00683,87.1674,12.659235,1.719527,11.145716,14.648781,2627.6646,62.28144,8.543736,1969.584,10.623144,353.746469,,44.327617,17.03424,187.118465,,38.06088,12.659235,196.82532,26.73351,108.029007,0.512425,1.3308,4.215043,4.005418,107.136054,6793.734,4.846507,94.850508,757.440923,4.990433,10.635986,21.695633,,3.064899,0.929724,,4172.044679,1880.721259,3.653046,,21961.984463,,11.641838,62.68776,12.659235,5.0246,,3.79278,1.859993,2.881767,8.374591,45.130076,1753.329,10.712939,2801.334,32.038997,1905.7056,,2.857627,,23684.2476,152.323368,3.956005,655.858164,0.31908,22.278186,3.59316,,0.893106,655.911263,5.194177,119.134518,27.172794,266.506008,7445.826,,,,286.414776
2009-05-01,2009-04-30,4.875974,66.18915,130.964513,496.13985,2.376225,102.19095,4.940291,2.376225,1.068107,1.95583,2.6550,91.630674,0.500434,1628.842338,1.3275,1.962443,9.31905,,1.3275,66.421463,9.591763,,3751.515,2.588625,1107.872028,775.790867,3043.161,760.710467,1.3275,110.3949,235.717538,47.590875,96.04582,7.477808,19.9125,14.901387,2.911823,0.896584,2.189048,,1.929853,0.896584,35.112375,6620.90625,10.686375,271.407375,25.083113,52.768125,5.535675,,1551.8475,13103.08875,169.647863,117.450563,0.937082,104.434425,56.518313,5470.6275,491.486432,189.54,0.386794,1.08855,200.0808,11364.06375,1995.564375,159.43275,88.610625,11.250563,1.723825,11.184918,14.917781,2804.34375,61.41546,8.52255,1888.36875,10.596669,354.661538,,45.500063,16.992,186.654465,,36.3204,11.250563,196.47,26.774361,106.0407,0.511154,1.3275,3.994713,3.750042,106.946719,6730.425,4.831967,95.020791,755.250327,4.978789,10.655519,19.839886,,3.10104,0.896584,,4217.825952,1865.1375,3.643988,,22426.339044,,11.61297,62.397624,11.250563,5.09511,,3.783375,1.861952,2.83049,8.329664,43.909704,1782.16875,10.520438,2954.35125,31.926375,1924.21125,,2.850541,,23606.26875,150.35265,3.844483,657.67005,0.300588,21.394474,3.58425,,0.885975,657.669917,5.279746,119.583302,26.483498,265.904888,7500.375,,,,406.215
2009-06-01,2009-05-29,5.1778,70.617,132.56,520.92,2.5235,109.65,5.2705,2.5235,1.1346,1.95583,2.8196,97.326,0.53146,1732.3,1.4098,2.0377,9.8968,,1.4098,66.389,9.7161,,3920.7,2.7491,1100.7,787.94,3067.1,812.04,1.4098,111.73,249.82,50.612,101.76,7.9047,21.147,15.902,2.9834,0.87335,2.3148,,2.0795,0.87335,37.226,7049.0,11.429,287.88,26.638,55.949,5.4933,,1648.1,13732,172.59,124.74,0.99860,110.40,60.762,5838.0,492.02,199.30,0.40528,1.1560,212.27,12036,2119.3,161.99,97.981,11.216,1.7668,11.276,15.726,2743.5,62.187,9.0509,2011.1,11.255,374.25,,45.678,18.045,198.22,,37.733,11.216,208.65,28.494,106.28,0.54284,1.4098,4.2396,3.8088,114.22,7112.4,5.1314,94.941,799.37,5.2869,11.130,19.750,,3.3292,0.87335,,4523.8,1981.4,3.8699,,22260,,12.333,66.392,11.216,6.2602,,4.0179,1.9001,2.9125,8.8536,45.995,1871.5,10.785,3150.9,33.156,2067.6,,3.0273,,25073,153.98,3.8656,655.82,0.35260,22.238,3.8065,,0.91834,655.91,5.3706,119.17,26.933,282.55,7338.0,,,,454.46
2009-07-01,2009-06-30,5.1913,70.882,131.37,510.15,2.5300,109.97,5.3558,2.5300,1.1375,1.95583,2.8268,97.581,0.53283,1738.8,1.4134,2.0449,9.9221,,1.4134,67.709,9.5889,,3995.7,2.7561,1071.0,749.10,3031.8,812.98,1.4134,111.38,250.81,50.741,103.24,7.9055,21.201,16.048,2.8931,0.85138,2.3349,,2.1137,0.85138,37.377,6961.0,11.497,289.32,26.706,56.168,5.5108,,1652.3,14053,179.94,125.26,1.0024,108.09,60.918,5885.4,491.85,201.39,0.40580,1.1590,212.59,12039,2124.0,162.43,99.645,10.866,1.7610,11.304,15.876,2740.6,61.696,9.0740,2032.5,11.282,373.76,,45.587,18.092,198.73,,37.618,10.866,209.32,28.740,108.33,0.54423,1.4134,4.2404,3.7139,115.09,7095.3,5.1445,93.789,803.48,5.3005,11.202,19.333,,3.3639,0.85138,,4647.3,2000.5,3.8798,,22059,,12.364,65.087,10.866,6.2190,,4.0282,1.8920,2.9127,8.9003,46.374,1858.6,10.975,2904.5,32.748,2096.8,,3.0350,,25159,149.38,3.7842,655.79,0.31880,21.410,3.8162,,0.91169,655.76,5.7266,119.29,27.325,284.91,7328.5,,,,455.62
2009-08-01,2009-07-31,5.1931,70.209,129.56,525.79,2.5307,110.00,5.4135,2.5307,1.1378,1.95583,2.8276,97.630,0.53300,1739.7,1.4138,2.0371,9.9249,,1.4138,67.770,9.6637,,4029.3,2.7569,1103.1,764.19,2890.5,823.38,1.4138,111.90,248.87,50.897,103.24,7.8466,21.207,17.719,2.8788,0.85703,2.3658,,2.1225,0.85703,37.784,6858.3,11.510,290.47,26.714,56.215,5.3651,,1652.7,14080,180.68,125.09,0.99934,108.30,61.642,5925.2,492.16,201.17,0.40661,1.1593,213.09,12041,2132.1,162.41,101.09,11.106,1.7588,11.321,15.839,2725.1,61.926,9.0766,2058.8,11.286,371.95,,45.021,18.097,198.79,,37.819,11.106,220.41,28.864,108.47,0.54366,1.4138,4.2174,3.6082,117.64,7030.1,5.1475,93.497,804.87,5.3020,11.162,18.941,,3.3931,0.85703,,4694.1,2014.7,3.8809,,22031,,12.368,65.105,11.106,6.2073,,4.0293,1.8934,2.7999,8.8971,46.383,1872.6,11.169,2972.5,32.942,2105.4,,3.0359,,25190,151.42,3.7205,657.57,0.30598,21.219,3.8173,,0.91151,657.54,5.8614,119.52,27.084,289.00,7083.1,,,,455.75
2009-09-01,2009-08-31,5.2421,71.360,132.37,538.63,2.5547,111.04,5.4959,2.5547,1.1486,1.95583,2.8544,98.555,0.53803,1756.5,1.4272,2.0597,10.019,,1.4272,69.683,9.7420,,4033.3,2.8116,1160.2,789.46,2909.7,840.26,1.4272,112.96,250.82,51.301,103.83,7.9195,21.408,17.933,2.8504,0.88050,2.3995,,2.0926,0.88050,38.427,7107.5,11.816,292.87,26.967,56.725,5.4375,,1668.4,14173,179.25,126.41,1.0106,108.79,62.904,5917.2,491.83,204.65,0.41023,1.1703,215.21,12163,2144.2,163.84,103.47,11.123,1.7670,11.303,16.017,2761.6,61.589,9.1626,2029.7,11.394,371.75,,44.664,18.268,200.67,,39.284,11.123,219.82,29.251,111.49,0.54901,1.4272,4.1881,3.8044,118.51,7071.8,5.1964,93.109,810.33,5.3522,11.453,18.460,,3.3967,0.88050,,5070.7,2035.6,3.9177,,22569,,12.484,65.723,11.123,6.2656,,4.0675,1.8869,2.7772,9.0281,46.978,1881.0,12.041,2925.8,32.076,2132.4,,3.0646,,25436,147.57,3.7099,655.84,0.32968,21.330,3.8534,,0.91258,655.84,6.4484,119.23,27.832,292.35,6675.7,,,,460.07
2009-10-01,2009-09-30,5.3786,72.600,134.57,563.39,2.6211,113.93,5.6178,2.6211,1.1785,1.95583,2.9286,101.13,0.55202,1802.2,1.4643,2.0652,10.353,,1.4643,70.447,9.6653,,4044.4,2.8554,1253.1,802.80,2828.4,859.18,1.4643,115.83,255.12,52.620,106.22,8.0561,21.965,18.449,2.8511,0.91425,2.4490,,2.1240,0.91425,39.046,7358.1,12.185,300.11,27.668,58.222,5.5150,,1711.8,14511,182.06,129.70,1.0364,109.31,63.770,6114.9,491.95,208.60,0.41976,1.2007,221.07,12465,2198.9,168.13,105.43,10.922,1.7901,11.395,16.638,2939.6,61.892,9.4008,2093.2,11.689,382.30,,44.658,18.743,205.89,,41.784,10.922,220.23,30.144,111.47,0.56365,1.4643,4.2304,3.9153,121.75,7164.1,5.3315,93.471,832.70,5.4916,11.755,15.974,,3.4850,0.91425,,5285.3,2130.6,4.0195,,23457,,12.809,67.431,10.922,6.4170,,4.1733,1.9021,2.8108,9.2810,47.074,1918.2,12.015,2818.0,31.336,2195.0,,3.1443,,26124,148.11,3.7062,658.05,0.36052,21.998,3.9536,,0.92821,658.05,6.4113,119.61,28.313,300.27,6926.1,,,,472.02
2009-11-01,2009-10-30,5.4360,72.727,137.50,572.39,2.6492,124.90,5.6511,2.6492,1.1892,1.95583,2.9600,102.20,0.55793,1821.1,1.4800,2.0702,10.390,,1.4800,69.523,10.044,,4041.9,2.9230,1306.4,787.73,2957.5,859.99,1.4800,117.07,257.84,53.391,107.14,8.0982,22.200,18.688,2.8142,0.89586,2.4864,,2.1190,0.89586,38.702,7440.7,12.299,302.96,27.965,62.550,5.5611,,1730.1,14663,185.06,131.39,1.0477,111.59,64.528,6177.5,492.33,212.20,0.42315,1.2136,223.08,12572,2212.4,169.90,104.34,11.474,1.8020,11.382,16.347,2967.4,61.396,9.5016,2106.4,11.814,386.21,,44.770,18.944,208.58,,43.349,11.474,223.33,30.589,111.18,0.56987,1.4800,4.2809,3.8692,124.03,7213.2,5.3892,93.589,842.57,5.5501,11.865,15.750,,3.5224,0.89586,,5581.5,2147.0,4.0626,,23950,,12.946,68.154,11.474,6.4376,,4.2180,1.9178,2.7708,9.3581,48.138,1958.8,12.020,2782.4,30.636,2225.2,,3.1780,,26436,145.79,3.6507,656.20,0.35811,22.635,3.9960,,0.93088,656.20,7.0384,119.30,28.729,304.61,6896.8,,,,477.09
2009-12-01,2009-11-30,5.5290,72.937,138.90,579.66,2.6891,131.41,5.7211,2.6891,1.2071,1.95583,3.0046,103.72,0.56633,1848.6,1.5023,2.0793,10.546,,1.5023,69.879,9.9129,,4180.9,2.9295,1368.4,742.15,3001.2,828.89,1.5023,111.25,244.21,54.045,108.44,8.2265,22.535,19.018,2.8648,0.91151,2.5088,,2.1464,0.91151,40.434,7549.1,12.479,304.51,28.386,59.746,5.7110,,1756.2,14910,183.88,133.82,1.0636,112.42,65.876,6254.1,491.71,2.1500,0.42790,1.2319,223.50,12753,2258.4,171.87,101.41,11.113,1.8113,11.414,16.714,2906.2,62.100,9.6448,2180.6,11.992,393.75,,44.361,19.229,214.08,,45.948,11.113,223.54,31.179,111.81,0.57824,1.5023,4.3364,3.9021,125.72,7199.8,5.4701,95.025,857.08,5.6352,11.840,16.507,,3.5755,0.91151,,5811.7,2178.3,4.1238,,24016,,13.141,69.181,11.113,6.5398,,4.2816,1.9220,2.8469,9.5310,48.329,2010.8,12.016,2813.1,30.309,2264.8,,3.2259,,27770,147.32,3.7576,655.39,0.39035,25.069,4.0562,,0.93285,655.51,7.7258,119.24,30.844,310.17,7015.7,,,,484.27
2010-01-01,2009-12-31,5.2913,70.028,137.84,542.85,2.5787,128.43,5.4499,2.5787,1.1575,1.95583,2.8812,99.776,0.54308,1772.7,1.4406,2.0196,10.113,,1.4406,67.024,9.5976,,4120.1,2.8092,1306.9,730.74,2947.1,811.78,1.4406,106.60,248.38,52.042,103.51,7.9004,21.609,18.300,2.7784,0.88904,2.4469,,2.0626,0.88904,38.457,7198.7,12.005,294.17,27.220,57.238,5.4501,,1684.1,14256,180.07,128.11,1.0196,109.23,63.639,6005.9,491.85,2.0612,0.41322,1.1813,213.73,12236,2163.5,164.74,100.12,10.622,1.7738,11.349,17.642,2823.6,61.366,9.2487,2081.7,11.506,378.78,,44.389,18.440,210.32,,43.506,10.622,215.37,30.023,107.26,0.55455,1.4406,4.1590,3.8111,121.37,6653.8,5.2462,96.422,822.92,5.4033,11.302,16.096,,3.4286,0.88904,,5570.3,2131.5,3.9544,,24063,,12.602,65.709,10.622,6.2974,,4.1057,1.9030,2.7258,9.1225,46.078,1929.7,11.592,2737.1,28.164,2177.3,,3.0934,,26621,140.79,3.6042,656.14,0.37806,24.617,3.8896,,0.92229,656.22,9.0163,119.48,32.751,298.56,6698.8,,,,464.38
2010-02-01,2010-01-29,5.1297,66.241,139.02,526.07,2.4999,125.86,5.3378,2.4999,1.1244,1.95583,2.7932,96.596,0.52650,1717.8,1.3966,1.9607,9.8740,,1.3966,64.492,9.5007,,4037.6,2.7583,1284.4,728.58,2776.7,784.89,1.3966,103.35,241.69,50.313,101.26,7.6362,20.949,17.789,2.7145,0.86675,2.4259,,1.9982,0.86675,37.373,7010.9,11.613,285.88,26.389,55.532,5.1974,,1632.6,13837,177.76,124.47,0.98893,105.96,61.765,5825.2,492.14,1.8100,0.40122,1.1452,206.67,11857,2105.9,160.12,99.857,10.548,1.7287,11.262,17.685,2985.2,61.645,8.9662,2033.8,11.173,365.32,,41.256,17.876,205.31,,43.630,10.548,210.50,29.219,103.17,0.53748,1.3966,3.9950,3.7016,118.39,6647.8,5.0815,98.464,800.84,5.2374,10.588,15.805,,3.2331,0.86675,,5511.5,2089.3,3.8337,,24498,,12.217,63.983,10.548,6.1033,,3.9803,1.8892,2.6704,8.8265,44.609,1870.7,11.190,2723.7,27.269,2128.5,,5.9980,,25749,139.87,3.5223,656.19,0.37466,24.993,3.7708,,0.89860,656.10,9.6199,119.25,34.885,295.89,6424.4,,,,450.20
2010-03-01,2010-02-26,4.9843,64.593,138.86,521.22,2.4290,122.62,5.2376,2.4290,1.0925,1.95583,2.7140,93.945,0.51158,1669.1,1.3570,1.9085,9.5261,,1.3570,62.537,9.4236,,3977.4,2.6462,1243.7,717.58,2628.7,748.89,1.3570,100.41,241.17,48.954,99.001,7.4493,20.355,18.204,2.6634,0.89376,2.3395,,1.9368,0.89376,35.669,6818.9,10.931,278.05,25.641,53.931,5.1407,,1586.3,13413,174.86,121.99,0.96116,103.81,60.590,5681.8,491.57,1.7600,0.39160,1.1128,199.94,11524,2045.5,155.53,97.704,10.499,1.7146,11.213,17.471,2961.7,61.498,8.7119,1968.0,10.850,355.49,,40.649,17.370,204.64,,43.723,10.499,204.02,28.497,100.10,0.52137,1.3570,3.8661,3.7097,115.82,6371.1,4.9373,99.655,776.73,5.0888,10.471,15.673,,3.1415,0.89376,,5228.1,2042.5,3.7250,,24726,,11.870,62.414,10.499,5.9262,,3.8675,1.8922,2.6227,8.6034,43.522,1845.5,10.821,2775.1,26.760,2086.2,,5.8279,,25835,137.19,3.4600,655.43,0.38180,26.243,3.6639,,0.88544,655.43,10.176,119.34,36.297,291.78,6432.2,,,,437.44
2010-04-01,2010-03-31,4.9507,65.306,139.00,539.16,2.4127,125.17,5.2224,2.4127,1.0852,1.95583,2.6958,93.329,0.50819,1657.9,1.3479,1.8863,9.4623,,1.3479,60.544,9.1198,,4015.4,2.6284,1212.4,709.20,2600.4,706.64,1.3479,109.58,239.55,48.895,98.369,7.4215,20.219,18.143,2.5916,0.88859,2.3629,,1.9151,0.88859,35.989,6766.5,10.766,275.24,25.469,53.573,4.9872,,1575.7,13335,172.52,119.94,0.95472,103.77,60.986,5642.3,492.10,1.7500,0.38958,1.1053,198.17,11399,2023.8,153.73,96.375,9.9090,1.7151,11.193,16.690,2844.1,61.683,8.6727,1843.3,10.779,357.17,,40.899,17.253,203.26,,46.570,9.9090,202.29,28.431,96.822,0.51894,1.3479,3.8287,3.6185,113.30,6395.8,4.9077,99.650,773.05,5.0549,10.715,16.003,,3.1204,0.88859,,5223.3,2051.9,3.7000,,24698,,11.791,62.138,9.9090,5.8868,,3.8415,1.8915,2.5857,8.5726,42.807,1832.5,10.678,2811.7,26.217,2085.2,,5.7888,,25703,134.25,3.3672,655.67,0.41706,26.526,3.6393,,0.88780,655.68,11.449,119.16,39.237,299.60,6308.2,,,,434.50
2010-05-01,2010-04-30,4.8905,62.754,137.42,513.29,2.3834,124.47,5.1684,2.3834,1.0697,1.95583,2.6630,92.226,0.50195,1637.9,1.3315,1.8206,9.3471,,1.3315,59.072,9.0455,,3943.9,2.5964,1192.1,690.42,2609.1,681.14,1.3315,108.18,236.63,48.993,97.679,7.4011,19.973,17.993,2.5562,0.86981,2.3558,,1.8841,0.86981,36.024,6690.8,10.685,272.56,25.159,52.923,4.9576,,1556.5,13181,170.06,117.80,0.94190,102.46,60.244,5597.6,491.78,1.7300,0.38442,1.0918,194.96,11019,1998.5,151.75,93.871,9.7667,1.7011,11.172,16.851,2729.6,61.621,8.3978,1826.2,10.647,359.50,,41.184,17.043,200.75,,45.105,9.7667,200.44,28.198,94.505,0.51265,1.3315,3.7861,3.6580,111.90,6284.7,4.8459,99.152,766.43,4.9934,10.483,15.939,,2.9759,0.86981,,5177.8,2032.7,3.6550,,24730,,11.647,61.646,9.7667,5.8164,,3.7948,1.8995,2.5874,8.4550,41.728,1843.5,10.550,2806.1,25.631,2085.7,,5.7184,,25243,132.58,3.2950,655.71,0.45069,28.375,3.5951,,0.88113,655.30,13.413,119.19,41.942,300.25,6331.3,,,,429.22
2010-06-01,2010-05-31,4.5202,57.228,137.30,465.51,2.2030,113.95,4.8243,2.2030,0.98899,1.95583,2.4614,85.349,0.46396,1513.9,1.2307,1.7227,8.6395,,1.2307,57.064,8.7222,,3693.3,2.3999,1105.2,652.92,2426.9,664.93,1.2307,100.39,218.72,45.271,91.554,6.9671,18.461,16.675,2.4614,0.84823,2.2036,,1.7599,0.84823,35.727,6221.2,9.8536,252.17,23.254,48.902,4.7586,,1438.7,12327,158.70,108.28,0.87109,98.271,56.612,5192.3,491.95,1.6000,0.35840,1.0092,180.61,10197,1861.0,140.05,87.380,9.4552,1.6166,11.002,15.890,2636.8,61.488,7.9108,1705.8,9.8786,338.32,,41.481,15.753,185.56,,41.690,9.4552,186.27,26.171,91.298,0.47382,1.2307,3.5020,3.5569,104.90,5864.3,4.4796,102.56,714.75,4.6154,9.7176,15.292,,2.7506,0.84823,,4838.7,1910.7,3.3783,,24578,,10.766,57.944,9.4552,5.3775,,3.5075,1.8543,2.4255,7.8273,39.345,1778.4,9.7503,2716.8,23.679,1943.1,,5.2855,,23359,129.26,3.2024,655.93,0.48336,31.759,3.3229,,0.83475,655.93,12.187,119.20,41.002,277.76,6165.8,,,,396.72
2010-07-01,2010-06-30,4.5070,56.447,136.51,450.04,2.1965,113.60,4.8237,2.1965,0.98659,1.95583,2.4542,85.290,0.46262,1510.3,1.2271,1.7154,8.6142,,1.2271,56.999,8.6598,,3707.1,2.3928,1108.6,668.22,2356.5,643.80,1.2271,110.28,218.08,44.820,91.547,6.9892,18.407,16.685,2.4420,0.81856,2.2591,,1.7707,0.81856,35.893,6196.9,9.8567,251.19,23.186,48.786,4.7667,,1434.5,12279,156.85,104.52,0.86952,100.32,56.447,5185.7,492.05,1.5900,0.35596,1.0062,180.91,10132,1842.1,139.36,88.351,9.3748,1.6027,11.005,15.793,2772.6,61.829,7.8980,1678.7,9.8409,348.50,,39.297,15.707,185.01,,42.028,9.3748,184.41,26.200,91.188,0.47230,1.2271,3.4653,3.4134,104.96,5871.7,4.4682,104.76,722.25,4.6021,9.6910,15.395,,2.8898,0.81856,,4792.8,1951.5,3.3684,,24665,,10.734,57.806,9.3748,5.3774,,3.4972,1.8624,2.3948,7.7921,39.430,1797.7,9.7042,2797.8,25.708,1957.2,,5.2700,,23382,128.35,3.1667,656.06,0.48759,32.442,3.3132,,0.82974,656.17,11.790,119.32,40.270,277.31,6331.8,,,,395.56
2010-08-01,2010-07-30,4.7852,60.268,136.51,480.08,2.3320,120.60,5.1291,2.3320,1.0469,1.95583,2.6056,90.447,0.49116,1603.6,1.3028,1.7735,9.1457,,1.3028,60.460,8.8928,,3875.8,2.5405,1167.2,683.32,2401.4,678.43,1.3028,109.93,231.53,47.976,96.151,7.4077,19.542,17.778,2.5039,0.83427,2.3965,,1.8711,0.83427,35.827,6579.1,10.448,266.03,24.616,51.795,4.9285,,1522.3,13036,156.32,111.58,0.92160,104.61,60.776,5525.2,491.78,1.6900,0.37489,1.0683,192.41,10725,1964.1,146.97,94.453,9.5719,1.6620,11.103,15.914,2840.1,61.045,8.3846,1763.3,10.422,372.60,,39.536,16.676,197.73,,47.878,9.5719,195.67,27.930,96.730,0.50158,1.3028,3.6772,3.5211,111.65,6214.4,4.7415,106.38,766.96,4.8858,10.297,16.284,,3.0942,0.83427,,5102.2,2093.9,3.5762,,24444,,11.396,60.782,9.5719,5.7086,,3.7130,1.9003,2.5155,8.2598,41.656,1974.3,10.285,2909.2,27.294,2091.7,,5.5951,,24857,132.08,3.2473,654.53,0.44334,28.988,3.5176,,0.85794,654.19,12.129,119.03,38.636,306.74,6338.1,,,,487.90
2010-09-01,2010-08-31,4.6570,57.656,136.84,462.50,2.2697,114.48,5.0077,2.2697,1.0190,1.95583,2.5360,88.031,0.47804,1560.8,1.2680,1.7192,8.9394,,1.2680,59.691,8.7509,,3823.0,2.4726,1145.9,637.23,2316.4,645.70,1.2680,110.09,225.35,46.789,95.829,7.2339,19.020,17.364,2.4626,0.82391,2.3268,,1.8208,0.82391,37.419,6815.5,10.216,259.18,23.959,50.406,4.8321,,1482.3,12680,153.11,108.00,0.89686,102.77,59.152,5375.1,491.64,1.6500,0.36594,1.0398,186.79,10380,1906.1,142.97,91.930,9.3928,1.6220,11.037,15.425,2612.1,61.464,8.1597,1656.2,10.161,363.28,,39.117,16.230,192.04,,46.599,9.3928,191.98,27.296,95.435,0.48818,1.2680,3.5479,3.4086,108.38,6029.3,4.6156,104.88,744.30,4.7551,10.026,15.870,,3.0115,0.82391,,5011.0,2035.2,3.4807,,24524,,11.092,59.730,9.3928,5.5561,,3.6138,1.8874,2.4684,8.0391,40.619,1902.0,10.005,2875.8,26.438,2045.3,,5.4457,,24713,129.02,3.1996,655.52,0.48568,31.533,3.4236,,0.84034,655.52,12.526,118.99,38.501,301.78,6257.6,,,481.2249,
2010-10-01,2010-09-30,5.0129,61.512,138.83,492.67,2.4430,125.29,5.4150,2.4430,1.0958,1.95583,2.7286,94.843,0.51453,1679.9,1.3648,1.7946,9.5127,,1.3643,61.341,8.9967,,4109.4,2.6614,1232.5,661.72,2456.9,693.43,1.3648,111.92,242.55,50.293,101.12,7.7848,20.472,22.467,2.5510,0.86249,2.4635,,1.9500,0.86249,37.000,8461.8,11.109,279.37,25.788,54.229,4.9634,,1595.5,13969,154.74,116.61,0.96655,110.14,63.941,5774.5,492.76,1.7700,0.38856,1.1191,201.56,11085,2047.9,152.56,99.119,9.5285,1.6993,11.204,16.241,2757.9,61.427,8.7620,1807.3,10.910,391.70,,41.083,17.469,205.97,,49.474,9.5285,210.93,29.484,97.098,0.52542,1.3648,3.8033,3.6639,117.78,6578.3,4.9679,106.53,805.03,5.1185,10.787,16.875,,3.2482,0.86249,,5505.1,2185.9,3.7464,,24602,,11.939,63.297,9.5285,5.9812,,3.8897,1.9409,2.5761,8.5846,42.639,2043.8,10.826,3064.0,27.637,2211.2,,5.8614,,26600,132.37,3.3022,657.26,0.51858,30.925,3.6850,,0.87701,658.46,13.404,119.18,39.082,292.89,6598.8,,,439.95,
2010-11-01,2010-10-29,5.0894,62.592,138.85,496.43,2.4804,128.54,5.4838,2.4804,1.1099,1.95583,2.7714,98.004,0.52241,1705.9,1.3857,1.7981,9.7969,,1.3857,61.563,9.1224,,4173.7,2.7021,1259.9,675.74,2544.4,709.09,1.3857,110.98,246.27,51.409,102.12,8.0038,20.786,22.883,2.5552,0.86807,2.4631,,1.9864,0.86807,39.513,9769.2,11.151,283.93,26.183,55.107,5.0417,,1619.9,14461,154.99,117.82,0.98066,111.96,64.769,5856.0,491.79,1.80,0.39007,1.1363,204.41,11156,2079.9,154.70,99.078,9.6704,1.7076,11.239,16.386,2774.0,61.389,8.8962,1782.0,11.070,394.23,,41.087,17.737,208.93,,50.232,9.6704,208.87,30.079,98.496,0.53363,1.3857,3.8807,3.6707,118.97,6845.4,5.0442,107.22,818.32,5.1967,10.868,17.011,,3.2980,0.86807,,5701.2,2218.4,3.8037,,24553,,12.121,64.352,9.6704,6.0757,,3.9492,1.9293,2.5776,8.7022,42.436,2071.6,11.021,3165.6,27.853,2253.6,,5.9512,,27018,133.10,3.3190,656.18,0.55882,31.264,3.7414,,0.88161,658.33,14.855,119.09,39.485,296.68,6482.3,,,446.69,
2010-12-01,2010-11-30,4.7742,58.725,138.79,466.95,2.3266,119.94,5.1765,2.3266,1.0396,1.95583,2.5996,91.460,0.49002,1602.0,1.2998,1.7211,9.0466,,1.2998,59.641,8.7943,,3942.3,2.5346,1187.6,635.93,2515.0,658.28,1.2998,110.20,231.00,48.385,97.115,7.5257,19.497,21.554,2.4350,0.83901,2.2974,,1.8893,0.83901,37.070,9001.1,10.411,264.77,24.560,51.707,4.7969,,1519.5,13532,152.70,111.11,0.91740,105.15,60.895,5301.9,491.91,1.7700,0.36778,1.0658,191.98,10474,1950.3,144.77,90.174,9.2889,1.6366,11.132,15.911,2649.4,60.977,8.3447,1618.3,10.401,365.24,,40.039,16.637,196.77,,45.948,9.2889,195.94,28.342,95.426,0.50050,1.2998,3.6765,3.4250,111.43,6115.6,4.7328,107.47,770.37,4.8745,10.143,15.992,,3.0935,0.83901,,5448.1,2081.3,3.5680,,24266,,11.370,61.013,9.2889,5.7187,,3.7044,1.9068,2.4021,8.2667,39.619,1926.5,10.361,3006.4,26.061,2123.7,,5.5823,,25344,126.56,3.1487,654.98,0.67997,34.273,3.5095,,0.85189,654.98,17.234,119.42,40.881,278.03,6421.0,,,419.00,
2011-01-01,2010-12-31,4.9079,61.145,138.82,484.71,2.3918,123.79,5.3125,2.3918,1.0687,1.95583,2.6724,94.169,0.50375,1647.4,1.3362,1.7143,9.2732,,1.3362,59.735,8.6151,,4009.9,2.6056,1222.8,625.27,2559.5,684.64,1.3362,110.04,237.47,49.840,99.146,7.7560,20.043,22.144,2.4414,0.86057,2.3718,,1.9903,0.86057,37.407,9420.2,10.679,273.12,25.248,53.098,4.7395,,1562.0,13832,153.78,113.88,0.94563,107.96,62.934,5415.6,491.12,1.7400,0.37587,1.0957,196.92,10778,2005.6,148.22,94.536,8.8435,1.6761,11.166,16.229,2855.2,62.596,8.5784,1682.3,10.698,378.14,,40.474,17.103,203.48,,43.293,8.8435,203.30,29.228,95.597,0.51456,1.3362,3.7500,3.5191,114.43,6206.6,4.8654,106.29,793.70,5.0114,10.409,16.356,,3.3405,0.86057,,5609.4,2137.3,3.6679,,25108,,11.688,62.721,8.8435,5.8828,,3.8082,1.9201,2.4215,8.5650,39.149,1983.4,10.612,3086.0,26.590,2191.4,,5.7386,,26053,127.21,3.1447,656.96,0.73724,33.966,3.6077,,0.86765,659.09,19.110,119.21,42.103,285.68,6404.4,,,430.73,
2011-02-01,2011-01-31,5.0291,62.066,139.45,499.20,2.4509,127.60,5.4784,2.4509,1.0907,1.95583,2.7384,97.644,0.51619,1689.6,1.3692,1.7560,9.5707,,1.3692,62.853,9.2451,,4129.5,2.6699,1260.8,663.72,2551.9,689.80,1.3692,110.43,243.33,51.345,99.720,8.0194,20.538,22.844,2.5100,0.86010,2.4687,,2.1257,0.86010,36.619,10201,10.782,280.28,25.871,55.248,,,1600.6,14198,158.20,116.62,0.96912,111.18,64.722,5548.0,491.66,178.0700,0.38395,1.1228,201.20,11044,2054.5,151.78,99.267,9.8320,1.6921,11.200,16.451,2820.6,61.876,8.7903,1705.0,10.997,382.69,,40.254,17.526,208.12,,44.431,9.8320,208.46,30.073,100.58,0.52724,1.3692,3.7961,3.6032,117.32,6332.6,4.9865,104.49,820.67,5.1350,10.639,16.767,,3.4435,0.86010,,5834.9,2194.1,4.5184,,25466,,11.977,64.037,9.8320,6.0285,,3.9022,1.9381,2.4813,8.6397,39.762,2071.5,10.892,3169.7,26.905,2260.3,,5.8803,,26697,130.76,3.2399,655.86,0.65346,31.162,3.6968,,0.87660,658.06,18.942,119.03,41.944,292.73,6633.8,,,441.37,
2011-03-01,2011-02-28,5.0811,62.599,139.93,508.75,2.4763,129.02,5.5736,2.4763,1.1004,1.95583,2.7668,98.602,0.52161,1708.8,1.3834,1.7580,9.7115,,1.3834,62.628,9.1677,,4182.0,2.6976,1278.3,656.34,2645.5,692.76,1.3834,110.23,245.86,52.293,100.20,8.1475,20.751,23.151,2.5346,0.85248,2.4113,,2.0880,0.85248,39.116,10308,10.787,282.77,26.139,55.810,,,1617.2,14277,160.31,118.11,0.98055,113.92,65.671,5587.6,492.23,179.75,0.38525,1.1344,201.93,11144,2075.8,153.29,99.951,9.6200,1.6994,11.255,16.490,2776.5,62.422,8.8814,1732.0,11.099,398.42,,40.673,17.708,208.96,,43.577,9.6200,212.01,30.496,100.15,0.53268,1.3834,3.8410,3.5472,118.54,6342.9,5.0381,103.28,830.45,5.1886,10.649,16.939,,3.7352,0.85248,,5909.7,2219.9,4.5652,,25039,,12.101,64.709,9.6200,6.1077,,3.9427,1.9359,2.5121,8.7708,41.135,2101.1,10.987,3269.0,26.976,2302.7,,5.9413,,28883,130.99,3.2821,656.84,0.78038,32.858,3.7352,,0.87944,658.98,18.376,119.21,42.042,295.77,6571.2,,,445.95,
2011-04-01,2011-03-31,5.2178,64.471,140.75,526.94,2.5431,132.51,5.7422,2.5431,1.1300,1.95583,2.8414,103.19,0.53565,1757.3,1.4207,1.7904,9.8028,,1.4207,63.342,9.2614,,4327.5,2.7704,1305.8,683.02,2665.3,710.39,1.4207,110.89,252.49,53.958,102.24,8.4652,21.311,23.868,2.5831,0.88396,2.4067,,2.1509,0.88396,39.453,9429.9,10.929,291.10,26.844,57.311,,,1660.8,14792,162.20,121.30,1.0056,118.20,67.139,5697.0,491.28,184.69,0.39382,1.1650,206.86,11432,2133.2,156.83,102.29,9.6534,1.7354,11.310,16.968,2839.3,61.801,9.1209,1692.1,11.388,395.96,,40.277,18.185,215.85,,43.978,9.6534,221.49,31.451,101.37,0.54697,1.4207,3.9886,3.6150,121.27,5839.1,5.1735,103.42,852.61,5.3279,11.010,17.396,,3.9780,0.88396,,6162.4,2272.6,4.6883,,24749,,12.428,67.501,9.6534,6.3437,,4.0490,1.9688,2.5644,9.0072,41.776,2139.0,11.314,3409.7,27.348,2383.6,,6.1015,,29697,133.22,3.3358,655.03,0.85191,32.403,3.8359,,0.89606,655.03,17.226,119.35,40.127,303.75,6698.6,,,457.97,
2011-05-01,2011-04-29,5.4581,67.687,142.30,551.75,2.6599,138.61,6.0636,2.6599,1.1748,1.95583,2.9720,108.34,0.56021,1840.0,1.4860,1.8205,10.313,,1.4860,65.710,9.4529,,4478.8,2.9505,1368.6,682.00,2626.0,742.41,1.4860,110.23,264.09,56.260,105.92,8.8432,22.290,25.051,2.5875,0.89233,2.4400,,2.2387,0.89233,40.672,9844.8,11.256,304.18,28.078,59.969,,,1737.1,15605,164.71,126.64,1.0516,123.86,69.510,5979.7,491.49,193.18,0.40820,1.2185,216.54,11931,2232.7,163.31,106.62,9.7814,1.7617,11.394,17.050,2886.6,61.578,9.5401,1872.4,11.889,404.94,,40.345,19.021,224.96,,46.438,9.7814,229.88,33.038,105.13,0.57211,1.4860,4.1927,3.6377,125.91,5854.8,5.4117,99.036,894.19,5.5729,11.284,18.196,,3.9825,0.89217,,6470.7,2378.0,4.9038,,25859,,12.999,70.593,9.7814,6.6953,,4.2351,1.9901,2.5970,9.4361,42.513,2238.3,11.842,3539.7,28.085,2513.7,,6.3819,,30626,134.29,3.3704,656.86,1.0607,33.263,4.0122,,0.91747,659.00,16.956,119.21,39.961,317.71,6999.1,,,479.02,
2011-06-01,2011-05-31,5.2836,66.977,142.15,541.60,2.5749,134.19,5.8773,2.5749,1.1348,1.95583,2.8770,105.75,0.54227,1783.5,1.4385,1.7760,10.055,,1.4385,64.819,9.4514,,7150.8,2.8561,1333.2,669.31,2601.5,726.08,1.4385,110.19,255.65,54.936,103.68,8.5454,21.578,24.284,2.5339,0.87171,2.3958,,2.1678,0.87171,40.271,9745.8,11.213,294.89,27.181,58.052,,,1681.6,15240,165.34,122.52,1.0192,123.21,65.737,5874.8,491.98,186.89,0.39569,1.1796,209.14,11545,2173.6,157.80,104.29,9.8716,1.7370,11.332,16.772,2817.3,61.968,9.2580,1792.0,11.524,394.15,,40.781,22.081,216.92,,43.083,9.8714,224.77,32.122,103.68,0.55382,1.4385,3.9898,3.3903,123.58,5818.7,5.2384,96.707,859.98,5.3947,11.108,17.614,,3.8552,0.87177,,6243.3,2294.7,4.7471,,24725,,12.583,68.403,9.8714,6.5548,,4.0997,1.9787,2.4836,9.1345,41.223,2216.9,11.482,3445.2,26.684,2448.0,,6.1779,,29573,131.62,3.2626,656.69,0.86068,34.308,3.8840,,0.90302,658.85,17.430,119.18,40.986,307.55,6847.3,,,463.71,
2011-07-01,2011-06-30,5.3084,68.435,141.35,532.30,2.5871,134.85,5.9373,2.5871,1.1362,1.95583,2.8906,107.16,0.54488,1796.2,1.4453,1.7757,10.016,,1.4453,64.602,9.4650,,7148.5,2.8696,1329.5,677.77,2571.9,727.09,1.4453,110.48,256.86,54.994,103.83,8.6248,21.680,24.562,2.5410,0.90280,2.3992,,2.1904,0.90280,40.490,9791.9,11.216,295.13,27.309,58.335,,,1689.6,15423,165.59,123.39,1.0240,129.21,65.449,5953.2,491.73,188.2900,0.39721,1.1852,210.83,11591,2186.0,158.26,105.51,9.8512,1.7458,11.333,16.798,2807.5,61.827,9.3041,1804.1,11.586,396.73,,40.468,22.229,219.42,,41.263,9.8512,219.83,32.407,103.33,0.55659,1.4453,3.9796,3.2960,124.25,5759.5,5.2631,100.72,870.67,5.4203,10.673,17.696,,3.8734,0.90280,,6313.8,2327.7,4.7695,,24608,,12.643,68.727,9.8512,6.7469,,4.1191,1.9782,2.4418,9.1777,41.515,2333.4,11.541,3736.1,26.594,2473.0,,6.2071,,29773,132.06,3.2677,655.30,0.77683,33.576,3.9023,,0.90306,655.30,16.890,119.15,38.317,309.01,6995.3,,,465.90,
2011-08-01,2011-07-29,5.2377,67.478,140.12,518.28,2.5525,133.07,5.9029,2.5525,1.1215,1.95583,2.8520,106.53,0.53760,1781.4,1.4260,1.7192,9.8679,,1.4260,63.012,9.3020,,7071.5,2.8313,1310.5,653.48,2527.5,719.03,1.4260,110.02,253.43,54.452,102.84,8.4944,21.390,24.317,2.4586,0.87329,2.3629,,2.1567,0.87329,40.349,9646.9,11.101,292.33,26.873,57.558,,,1667.0,15078,164.86,121.89,1.0102,129.98,63.746,5852.3,491.69,185.46,0.39015,1.1693,208.80,11412,2156.8,156.08,103.39,9.5853,1.7189,11.296,16.199,2821.3,61.476,9.1792,1783.2,11.447,396.43,,39.889,21.932,217.15,,40.128,9.5853,218.33,32.100,100.82,0.54901,1.4260,3.9065,3.2059,123.43,5454.5,5.1926,102.38,855.04,5.3478,10.633,17.453,,3.8217,0.87335,,6241.3,2332.2,4.7058,,24528,,12.474,67.827,9.5853,6.7314,,4.0641,1.9675,2.2603,9.0408,41.150,2272.3,11.407,3739.0,26.310,2459.8,,6.1241,,29368,127.77,3.1348,655.66,0.90206,36.607,3.8502,,0.89043,657.81,18.518,119.00,40.177,304.88,6837.7,,,459.68,
2011-09-01,2011-08-31,5.3075,67.914,140.56,529.59,2.5866,135.02,6.0618,2.5866,1.1343,1.95583,2.8900,106.71,0.54475,1819.4,1.4450,1.7376,9.9272,,1.4450,66.607,9.6720,,7381.1,2.8690,1330.2,670.99,2581.2,740.20,1.4450,110.37,256.81,55.264,104.00,8.5986,21.675,24.725,2.4983,0.88601,2.3835,,2.2090,0.88601,41.616,9775.4,11.300,291.89,27.224,58.299,,,1700.8,15315,163.91,123.80,1.0238,135.40,64.595,5920.2,491.98,187.82,0.39326,1.1849,212.04,11559,2173.3,158.44,104.76,10.170,1.7340,11.359,16.323,2838.0,61.223,9.2971,1803.4,11.600,404.60,,40.316,22.210,238.19,,39.665,10.170,223.66,32.656,106.42,0.55633,1.4450,3.9449,3.2291,126.19,5628.3,5.2618,100.98,866.88,5.4190,10.699,17.713,,3.8726,0.88601,,6364.9,2354.8,4.7685,,24583,,12.640,68.525,10.170,6.8672,,4.1183,1.9776,2.3405,9.2480,41.919,2345.2,11.558,4077.8,26.877,2505.8,,6.2057,,30102,132.00,3.2175,657.74,0.92147,40.671,3.9015,,0.89844,659.83,17.389,119.36,41.217,308.94,7170.1,,,465.80,
2011-10-01,2011-09-30,4.9597,63.463,140.77,505.01,2.4170,127.87,5.6783,2.4170,1.0594,1.95583,2.7006,101.58,0.50906,1716.0,1.3503,1.7559,9.3441,,1.3503,66.129,9.7848,,10465,2.6810,1241.3,701.68,2589.4,692.99,1.3503,110.24,239.98,51.568,99.938,8.0532,20.255,23.193,2.4753,0.86624,2.2482,,2.1541,0.86624,38.727,9320.4,10.607,272.76,25.534,54.520,,,1588.0,14508,158.90,115.82,0.95669,134.96,60.962,5514.6,492.24,175.24,0.37322,1.1073,200.18,10832,2032.9,148.80,97.222,10.904,1.6715,11.200,15.927,2809.3,60.971,8.6943,1738.5,10.836,385.38,,39.159,20.781,223.60,,35.985,10.904,215.91,30.661,105.73,0.51989,1.3503,3.7410,3.0087,118.15,5502.5,4.9150,101.53,810.00,5.0643,10.034,16.777,,3.6121,0.86624,,5949.4,2187.5,4.4560,,24320,,11.812,66.075,10.904,6.4154,,3.8484,1.9336,2.3253,8.5339,41.164,2228.6,10.810,3843.8,27.175,2358.4,,5.7991,,28127,129.97,3.2196,657.16,0.72490,38.612,3.6458,,0.86468,659.19,14.715,119.21,36.364,295.38,6454.4,,,435.28,
2011-11-01,2011-10-28,5.2008,67.685,141.76,536.66,2.5346,134.73,5.9975,2.5346,1.1141,1.95583,2.8320,107.83,0.53386,1828.1,1.4160,1.7592,9.9262,,1.4160,69.053,10.100,,12107,2.8115,1305.4,694.34,2635.9,717.57,1.4160,110.27,251.65,54.233,102.87,8.4534,21.240,24.367,2.4755,0.87885,2.3470,,2.2663,0.87885,40.494,9880.1,11.094,289.57,26.833,57.144,,,1655.3,15182,159.75,121.74,1.0024,140.85,64.541,5811.3,492.02,184.24,0.38777,1.1611,208.99,11337,2131.8,155.75,101.95,10.954,1.7125,11.297,16.305,2959.4,61.462,9.1130,1839.7,11.326,407.81,,40.881,21.764,237.04,,38.338,10.954,223.65,32.257,110.46,0.54517,1.4160,3.8325,3.0596,122.64,5964.9,5.1561,100.46,851.89,5.3101,10.522,17.721,,3.7949,0.87885,,6259.3,2301.0,4.6728,,24939,,12.386,69.747,10.954,6.7311,,4.0356,1.9791,2.3463,8.9774,42.279,2339.9,11.333,3697.9,27.473,2494.4,,6.0813,,29744,129.39,3.2022,657.10,0.79219,39.435,3.8232,,0.89005,659.33,14.811,119.25,36.947,309.75,6888.8,,,456.45,
2011-12-01,2011-11-30,4.9284,64.673,140.84,513.24,2.4018,125.57,5.7362,2.4018,1.0543,1.95583,2.6836,103.13,0.50587,1786.9,1.3418,1.7345,9.2718,,1.3418,70.057,10.081,,11640,2.6641,1191.8,696.06,2610.6,679.69,1.3418,111.30,238.46,51.679,99.517,8.0578,20.127,23.143,2.5174,0.85356,2.2213,,2.2358,0.85356,38.932,9245.0,10.526,270.37,25.387,54.133,,,1568.6,14647,159.20,115.63,0.95147,120.16,62.838,5414.2,496.28,174.64,0.37188,1.1003,198.20,10765,2020.1,152.80,95.939,10.939,1.6638,11.156,15.929,2841.3,62.060,8.6319,1803.4,10.757,386.44,,39.113,20.677,219.99,,35.997,10.939,216.22,30.690,112.08,0.51661,1.3418,3.6345,2.8763,119.01,5981.1,4.8862,103.63,808.05,5.0322,9.3440,17.513,,3.5960,0.85351,,5916.1,2180.4,4.4279,,24688,,11.737,67.165,10.939,6.3855,,3.8241,1.9596,2.3295,8.5070,40.701,2255.6,10.755,3431.0,26.467,2388.7,,5.7626,,28190,129.42,3.1796,661.70,0.77801,41.755,3.6229,,0.86317,661.70,14.883,118.83,37.283,293.52,6823.1,,,432.54,
2012-01-01,2011-12-30,4.7522,62.437,139.06,499.12,2.3161,122.44,5.5686,2.3161,1.0174,1.95583,2.5878,105.88,0.48781,1761.6,1.2939,1.6816,9.0055,,1.2939,68.661,9.6849,,10862,2.5690,1178.5,671.94,2512.1,650.28,1.2939,110.16,229.95,49.880,97.514,7.8044,19.409,22.369,2.3829,0.83521,2.1550,,2.1213,0.83521,36.456,9364.6,10.112,262.27,24.571,52.196,,,1511.9,14452,158.59,111.37,0.91673,109.62,59.886,5226.1,492.16,168.42,0.36055,1.0610,192.12,10385,1948.0,147.39,93.161,10.496,1.6275,11.104,15.187,2904.8,61.652,8.3242,1803.7,10.353,374.09,,37.976,19.939,212.26,,34.631,10.496,206.12,29.714,109.94,0.49818,1.2939,3.4811,2.7600,116.39,5738.4,4.7116,106.44,781.70,4.8524,9.3753,17.658,,3.4677,0.83515,,5663.5,2102.6,4.2699,,24498,,11.318,70.047,10.496,6.1574,,3.6876,1.9323,2.2366,8.1645,39.178,2050.8,10.403,3208.9,25.813,2322.6,,5.5569,,27216,123.48,3.0473,656.42,0.69574,38.897,3.4935,,0.84278,658.56,15.806,119.13,34.358,283.04,6619.6,,,417.10,
2012-02-01,2012-01-31,4.8395,64.984,139.07,509.91,2.3585,125.55,5.7119,2.3585,1.0358,1.95583,2.6352,111.26,0.49674,1825.3,1.3176,1.6490,9.1705,,1.3176,65.162,9.5825,,11002,2.5673,1207.0,643.05,2378.6,666.49,1.3176,110.25,234.16,51.156,99.371,7.9466,19.764,22.867,2.3382,0.83509,2.2004,,2.2088,0.83509,39.660,9532.8,10.287,270.11,25.113,53.138,,,1535.0,14908,161.87,113.68,0.93391,110.53,61.632,5354.7,491.76,171.34,0.36525,1.0804,195.90,10539,1979.0,150.07,96.514,10.241,1.6557,11.164,15.552,2877.0,61.930,8.4756,1799.2,10.526,384.74,,38.474,20.278,216.71,,35.773,10.240,212.40,30.381,104.24,0.50729,1.3176,3.5454,2.7450,119.11,6222.4,4.7978,105.52,796.74,4.9414,9.3241,18.807,,3.5312,0.83514,,5751.4,2141.1,4.3481,3.9528,24698,,11.526,75.661,10.241,6.2690,,3.7552,1.9755,2.2186,8.3668,38.965,2097.6,10.579,3056.8,25.818,2387.3,,5.6587,,27613,122.60,2.9973,657.01,0.82353,42.581,3.5575,,0.84947,659.16,16.892,119.23,39.615,288.23,6746.1,,,424.73,
2012-03-01,2012-02-29,4.9375,66.382,140.14,522.87,2.4063,128.11,5.8556,2.4063,1.0562,1.95583,2.6886,109.93,0.50680,1887.9,1.3443,1.6728,9.2891,,1.3443,65.903,9.5476,,10922,2.5723,1238.3,638.82,2372.7,689.67,1.3443,110.30,238.91,52.307,100.01,8.1077,20.165,23.402,2.3448,0.84346,2.2477,,2.2871,0.84346,41.646,9547.9,10.482,271.68,25.622,55.071,,,1566.1,16499,167.46,116.17,0.95257,111.71,62.497,5397.4,492.21,174.76,0.37255,1.1158,198.57,10728,2019.1,163.87,98.806,10.007,1.6733,11.206,15.806,2909.7,61.578,8.6102,1801.4,10.738,395.22,,38.716,20.716,224.94,,36.834,10.007,212.00,31.106,105.41,0.51756,1.3443,3.6070,2.7643,122.27,5753.6,4.8939,110.68,814.31,5.0415,9.5167,18.804,,3.6027,0.84340,,5863.1,2184.5,4.4362,3.9657,24607,,11.759,77.169,10.007,6.3981,,3.8313,1.9996,2.2499,8.5497,39.506,2141.5,10.762,3179.3,26.153,2457.2,,5.7734,,27983,123.54,3.0189,657.77,0.88780,42.643,3.6296,,0.86462,659.78,17.202,119.29,41.292,290.37,7057.6,,,433.34,
2012-04-01,2012-03-30,4.9057,66.860,140.44,521.22,2.3907,126.75,5.8443,2.3907,1.0499,1.95583,2.6712,109.24,0.50352,1873.3,1.3356,1.6779,9.2958,,1.3356,67.950,9.7064,,10778,2.5557,1233.1,649.17,2393.4,672.46,1.3356,110.96,237.36,52.269,99.252,8.0670,20.034,23.337,2.3723,0.83329,2.2064,,2.3807,0.83329,38.726,9482.8,10.271,274.07,25.457,54.748,,,1556.0,16366,168.70,115.90,0.94721,110.85,62.562,5335.7,492.43,173.50,0.37090,1.0952,197.60,10672,2005.4,171.24,98.834,10.237,1.6644,11.188,15.763,2819.8,61.930,8.5926,1753.3,10.681,390.00,,38.732,20.582,222.23,,36.489,10.237,210.62,31.048,108.87,0.51427,1.3356,3.5651,2.7470,121.08,5723.0,4.8628,111.47,810.97,5.0089,9.4551,18.816,,3.5794,0.83324,,5809.8,2170.4,4.4075,3.9400,24664,,11.683,76.711,10.237,6.3569,,3.8065,2.0061,2.2858,8.4811,39.407,2127.6,10.728,3348.2,25.911,2462.2,,5.7360,,27825,124.88,3.0528,656.57,0.78385,40.172,3.6061,,0.86218,656.57,15.636,119.21,39.584,287.15,7049.3,,,430.54,
2012-05-01,2012-04-30,4.8535,65.991,140.29,519.04,2.3653,125.97,5.8344,2.3653,1.0384,1.95583,2.6428,108.45,0.49815,1846.7,1.3214,1.6334,9.1309,,1.3214,69.686,9.6806,,10637,2.5285,1210.8,640.42,2331.5,666.82,1.3214,109.93,234.84,51.726,98.693,7.9880,19.821,23.208,2.3471,0.81367,2.1552,,2.4523,0.81367,39.715,9289.4,10.261,266.26,25.179,55.171,,,1539.4,16200,166.36,114.73,0.93515,109.81,61.907,5318.6,491.78,171.83,0.36669,1.0836,195.25,10559,1983.4,172.05,97.133,10.234,1.6483,11.166,15.437,2752.5,61.372,1088.9,1739.0,10.560,385.85,,38.387,20.257,220.51,,36.339,10.234,207.89,30.843,111.42,0.50874,1.3214,3.4839,2.7006,120.25,5748.1,4.8112,111.95,802.98,4.9555,9.4783,18.644,,3.5414,0.81367,,5743.1,2147.3,4.3606,3.8981,24486,,11.559,75.915,10.234,6.2883,,3.7660,2.0301,2.2546,8.3909,38.544,2094.4,10.613,3307.5,26.362,2452.7,,5.6750,,27571,123.22,3.0059,655.71,0.75219,40.340,3.5678,,0.85284,655.71,16.589,119.23,38.222,284.10,6924.1,,,425.96,
2012-06-01,2012-05-31,4.5557,62.263,139.01,502.63,2.2201,118.26,5.5458,2.2201,0.97376,1.95583,2.4806,101.81,0.46756,1750.3,1.2403,1.5963,8.6325,,1.2403,69.593,9.7431,,10419,2.3733,1141.9,646.08,2271.9,620.56,1.2403,110.27,220.43,48.359,95.087,7.4939,18.605,21.939,2.3183,0.80050,2.0254,,2.3483,0.80050,37.792,8868.1,9.6929,249.92,23.634,52.048,,,1444.9,15248,162.17,108.43,0.87875,106.73,58.214,5063.3,491.93,161.3300,0.34826,1.0171,183.50,9964.6,1862.0,163.72,91.171,10.580,1.5866,11.034,14.975,2653.0,60.612,1042.9,1632.9,9.9200,363.41,,37.048,19.101,334.22,,34.939,10.580,198.26,28.957,111.44,0.47683,1.2403,3.3556,2.5348,116.26,5624.8,4.5159,117.52,755.68,4.6515,8.7021,17.783,,3.3178,0.80050,,5388.6,2014.9,4.0930,3.6589,23444,,10.850,79.306,10.580,5.9103,,3.5349,2.0021,2.2101,7.8759,37.008,1971.8,10.028,3094.5,25.519,2321.1,,5.3267,,25885,121.77,2.9482,657.57,0.72545,40.615,3.3488,,0.82125,659.18,15.860,119.26,36.511,266.66,6598.4,,,399.82,
2012-07-01,2012-06-29,4.6243,63.050,138.02,527.46,2.2536,120.06,5.6952,2.2536,0.98832,1.95583,2.5180,103.01,0.47462,1807.4,1.2590,1.5973,8.7626,,1.2590,70.048,9.6475,,10532,2.3934,1162.6,632.50,2274.4,630.12,1.2590,110.69,223.75,49.227,99.525,7.6307,18.885,22.434,2.3101,0.80442,2.0648,,2.4452,0.80442,39.010,9052.8,9.8706,253.69,23.990,52.945,,,1466.7,15466,157.61,110.70,0.89099,106.20,59.383,5176.6,492.03,164.29,0.35282,1.0324,188.09,10098,1890.4,168.58,92.546,10.324,1.5826,11.028,15.395,2769.8,62.050,1101.6,1690.2,10.059,370.15,,39.029,19.401,341.01,,35.189,10.324,205.34,29.632,112.47,0.48404,1.2590,3.3550,2.5668,119.08,5709.6,4.5841,115.31,770.41,4.7216,8.9128,18.256,,3.3741,0.80442,,5464.2,2045.9,4.1547,3.7141,24808,,11.013,80.708,10.324,6.0003,,3.5882,1.9922,2.2076,8.0828,37.609,1979.1,10.168,3109.7,27.257,2372.9,,5.4070,,26294,121.02,2.9327,654.55,0.71174,40.722,3.3993,,0.83344,656.18,14.668,118.72,36.538,270.69,6492.7,,,405.84,
2012-08-01,2012-07-31,4.5119,63.668,137.30,501.49,2.1988,117.16,5.6191,2.1988,0.96429,1.95583,2.4568,100.67,0.46312,1801.1,1.2284,1.5276,8.5497,,1.2284,68.367,9.4420,,10208,2.3278,1128.8,590.74,2199.6,614.80,1.2284,111.07,218.31,48.030,100.79,7.4652,18.426,22.018,2.1897,0.78367,2.0305,,2.4046,0.78367,39.340,8833.8,9.6264,247.52,23.407,51.659,,,1431.1,15061,148.43,109.36,0.86946,103.37,57.917,5009.3,492.13,159.63,0.34626,1.0073,184.24,9843.2,1845.1,161.96,92.360,10.052,1.5441,11.007,15.404,2789.7,61.761,1074.9,1654.7,9.8105,369.75,,38.142,18.917,331.90,,34.395,10.052,197.42,29.035,109.31,0.47265,1.2284,3.2282,2.5250,116.33,5448.0,4.4725,117.48,753.00,4.6069,8.6962,17.266,,5.4480,0.78362,,5321.6,1993.7,4.0537,3.6238,24869,,10.745,80.256,10.052,5.8528,,3.5009,1.9882,2.1103,7.8003,36.827,1936.0,9.9470,3046.4,26.349,2340.0,,5.2756,,25637,115.68,2.8129,656.97,0.73955,42.530,3.3167,,0.81470,658.08,15.497,119.13,37.378,264.04,6092.9,,,395.98,
2012-09-01,2012-08-31,4.6321,64.858,138.49,515.22,2.2574,120.30,5.8412,2.2574,0.98933,1.95583,2.5222,103.04,0.47540,1849.6,1.2611,1.5746,8.6511,,1.2611,70.026,9.7988,,10606,2.3835,1162.0,604.26,2307.6,629.68,1.2611,111.13,224.12,49.517,101.12,7.6962,18.917,22.683,2.2400,0.79404,2.0871,,2.4358,0.79404,42.259,9067.3,10.009,254.11,24.692,53.004,,,1469.2,15454,153.51,112.52,0.89160,106.00,58.104,5128.0,492.73,163.63,0.35572,1.0341,188.67,10104,1896.1,166.94,92.073,10.608,1.5852,11.066,15.690,2839.4,61.825,1099.3,1743.5,10.074,381.48,,38.400,19.434,341.19,,36.572,10.608,199.38,29.919,112.24,0.48525,1.2611,3.2934,2.5895,119.26,5599.3,4.5923,118.19,774.78,4.7295,8.9243,16.457,,5.5930,0.79404,,5466.5,2049.3,4.1616,3.8968,25474,,11.031,83.956,10.608,6.0085,,3.5941,2.0093,2.1883,7.9702,37.764,1981.2,10.252,3172.2,27.271,2423.5,,5.4160,,26307,119.65,2.9091,657.20,0.78462,42.389,3.4050,,0.82950,659.09,15.960,119.17,38.719,271.14,6304.2,,,406.52,
2012-10-01,2012-09-28,4.7492,67.275,140.10,524.63,2.3145,123.80,6.0657,2.3145,1.0145,1.95583,2.5860,105.56,0.48750,1917.9,1.2930,1.5847,8.9993,,1.2930,68.348,9.9080,,11010,2.4438,1185.3,611.12,2325.9,646.09,1.2930,110.74,229.79,50.556,102.73,7.8859,19.395,23.351,2.2913,0.79815,2.1451,,2.4480,0.79815,43.328,9101.4,10.321,261.70,25.407,54.519,,,1506.3,15887,160.09,115.54,0.91570,110.10,60.733,5249.0,491.89,167.92,0.36311,1.0603,193.77,10370,1942.1,167.35,92.706,10.739,1.6178,11.130,16.020,2856.2,61.805,1113.7,1805.0,10.326,389.84,,39.113,19.899,387.90,,37.174,10.739,203.38,30.813,109.12,0.49783,1.2930,3.3573,2.6589,122.62,5773.2,4.7079,114.75,805.19,4.8490,9.2287,16.885,,5.7086,0.79820,,5605.4,2101.1,4.2669,4.1247,25371,,11.311,87.828,10.739,6.1606,,3.6851,2.0316,2.2121,8.2106,37.902,2035.2,10.537,3300.4,27.218,2506.6,,5.5530,,27011,121.01,2.9333,655.86,0.86121,44.164,3.4911,,0.83972,655.86,15.926,119.32,41.404,277.87,6581.4,,,416.81,
2012-11-01,2012-10-30,4.7609,68.595,139.55,526.06,2.3202,123.74,6.1682,2.3202,1.0169,1.95583,2.5924,105.37,0.48867,1929.7,1.2962,1.5811,9.0216,,1.2962,69.951,10.127,,11108,2.5924,1186.9,622.53,2368.3,642.71,1.2962,110.81,230.36,51.187,103.21,7.9198,19.443,23.483,2.3048,0.80604,2.1517,,2.4367,0.80604,44.149,9073.4,10.195,265.98,25.535,54.624,,,1510.1,15916,164.93,117.28,0.91901,110.44,61.079,5222.3,491.93,168.51,0.36443,1.0629,195.31,10373,1946.9,168.70,92.678,11.190,1.6157,11.121,15.917,2871.1,61.505,1102.8,1809.5,10.347,388.21,,40.247,19.974,406.36,,38.432,11.190,203.47,31.002,112.07,0.49906,1.2962,3.3734,2.6698,124.27,5794.0,4.7195,113.25,812.70,4.8611,9.1762,16.907,,5.7292,0.80604,,5625.6,2093.4,4.2775,4.1478,24599,,11.339,89.285,11.190,6.1752,,3.6942,2.0302,2.2387,8.2309,37.913,2057.1,10.596,3350.7,25.696,2531.0,,5.5668,,27019,121.57,2.9587,657.25,0.79254,42.490,3.4997,,0.84398,658.42,14.774,119.19,38.384,278.36,6833.6,,,417.84,
2012-12-01,2012-11-30,4.7698,66.579,139.83,526.39,2.3245,124.29,6.2739,2.3245,1.0184,1.95583,2.5972,105.62,0.49114,1964.0,1.2986,1.5856,8.9733,,1.2986,70.469,10.331,,11161,2.5907,1191.6,623.46,2357.4,649.81,1.2986,110.20,230.79,51.814,103.29,7.9386,19.479,23.634,2.3004,0.81218,2.1557,,2.4771,0.81218,39.237,9081.1,10.246,261.67,25.712,54.729,,,1512.9,15987,163.57,118.40,0.91915,111.23,61.369,5184.0,491.89,169.00,0.36583,1.0649,195.54,10386,1962.5,169.01,93.519,11.522,1.6388,11.142,16.032,2925.7,61.487,1106.3,1819.3,10.366,387.63,,40.062,19.972,415.55,,38.893,11.522,204.14,31.194,113.02,0.49997,1.2986,3.3504,2.6831,125.40,5765.8,4.7278,113.39,817.77,4.8701,9.1897,17.079,,5.7398,0.81213,,5631.7,2097.2,4.2854,3.8179,24466,,11.360,92.192,11.522,6.1937,,3.7010,2.0437,2.2413,8.2461,37.730,2079.1,10.636,3478.6,25.479,2557.5,,5.5771,,27076,121.37,2.9574,658.36,0.84115,42.621,3.5062,,0.84627,659.53,16.786,119.39,39.833,278.97,6765.7,,,418.61,
2013-01-01,2012-12-31,4.8462,68.714,139.82,533.24,2.3617,126.42,6.4866,2.3617,1.0344,1.95583,2.6388,105.26,0.49587,2038.0,1.3194,1.6113,9.1830,,1.3194,72.560,10.260,,11307,2.6388,1207.5,631.73,2331.1,673.82,1.3194,110.36,234.48,53.271,104.18,8.3965,19.791,24.112,2.3578,0.81570,2.1876,,2.5128,0.81570,45.031,9222.6,10.430,269.16,26.269,55.613,,,1537.1,16196,169.00,121.95,0.93664,113.47,62.541,5271.0,492.17,171.37,0.37102,1.0819,198.49,10538,1986.4,168.49,93.120,11.177,1.6651,11.168,15.989,2999.0,62.287,1130.7,1834.6,10.533,399.78,,40.308,20.279,430.12,,39.186,11.177,206.12,31.819,115.66,0.50797,1.3194,3.3664,2.7260,128.16,5567.9,4.8043,112.37,833.15,4.9485,9.3556,17.280,,5.8317,0.81570,,5718.4,2117.8,4.3540,4.2089,24573,,11.541,93.677,11.177,6.2942,,3.7603,2.0480,2.2950,8.4705,38.306,2091.2,10.621,3533.0,25.293,2617.7,,5.6664,,27500,123.36,3.0096,658.04,0.73188,40.499,3.5624,,0.85847,659.20,17.034,119.31,37.028,283.61,6868.8,,,425.32,
2013-02-01,2013-01-31,4.9769,70.189,139.50,550.13,2.4255,130.00,6.7459,2.4255,1.0620,1.95583,2.7100,107.39,0.51084,2146.5,1.3550,1.6775,9.3631,,1.3550,72.120,10.849,,11728,2.7032,1242.2,639.02,2404.5,681.80,1.3550,110.70,240.81,55.060,105.71,9.0984,20.274,24.853,2.3856,0.85619,2.2412,,2.5799,0.85619,46.070,9478.2,10.630,272.63,27.005,57.583,,,1578.6,16636,171.87,124.67,0.96015,118.02,64.728,5413.2,491.86,176.18,0.38100,1.1111,204.47,10754,2034.5,171.20,96.988,12.111,1.7020,11.215,16.335,2978.3,63.809,1165.2,1884.8,10.826,408.53,,41.084,20.881,485.09,,41.666,12.111,212.87,33.282,115.32,0.52168,1.3550,3.4776,2.8359,132.44,5602.9,4.9326,111.32,856.69,5.0815,9.6831,17.408,,5.9891,0.85619,,5861.6,2159.5,4.4715,4.3360,24483,,11.853,96.198,12.111,6.4518,,3.8618,2.0862,2.3390,8.6585,40.040,2192.4,11.033,3609.0,25.948,2708.4,,5.8193,,28238,125.85,3.0719,657.45,0.76088,39.757,3.6585,,0.87950,658.74,17.531,119.21,39.734,291.26,,7.3448,,436.79,
2013-03-01,2013-02-28,4.8223,69.413,139.55,538.03,2.3501,125.99,6.6219,2.3501,1.0298,1.95583,2.6258,103.52,0.49495,2161.5,1.3129,1.6234,9.0065,,1.3129,71.369,10.622,,11304,2.6521,1207.1,620.87,2382.7,655.58,1.3129,110.70,233.33,53.665,103.65,8.8507,20.023,24.193,2.3184,0.86398,2.1715,,2.5175,0.86398,43.674,9233.0,10.290,274.79,26.100,55.815,,,1536.8,16126,164.72,125.09,0.92980,113.04,62.452,5245.0,491.84,170.69,0.37188,1.0766,197.49,10362,1971.3,167.46,94.548,11.781,1.6724,11.155,16.116,2903.5,61.822,1134.0,1843.3,10.488,389.93,,40.306,20.219,500.87,,40.241,11.781,208.16,32.274,114.29,0.50467,1.3129,3.3893,2.7669,128.91,5146.6,4.7799,111.43,832.59,4.9236,9.2944,16.149,,5.8030,0.86398,,5677.6,2050.1,4.3326,4.2013,24389,,11.485,92.890,11.781,6.2417,,3.7418,2.0685,2.2817,8.3369,38.910,2133.5,10.667,3480.6,25.090,2653.7,,8.2609,,27522,123.65,3.0002,657.72,0.71047,39.005,3.5448,,0.86700,658.91,18.264,119.26,39.087,282.21,,7.0109,,423.22,
2013-04-01,2013-03-28,4.7031,68.430,139.95,536.12,2.2921,122.80,6.5578,2.2921,1.0043,1.95583,2.5610,99.975,0.48275,2012.5,1.2805,1.5915,8.9754,,1.2805,69.506,10.548,,11131,2.5866,1177.3,604.72,2341.4,640.37,1.2805,110.08,227.57,52.424,101.82,8.7121,19.208,23.679,2.2744,0.84544,2.1224,,2.4822,0.84544,42.244,9043.5,9.9604,263.14,25.104,54.407,,,1491.8,15718,158.54,125.46,0.90723,109.61,61.421,5115.6,492.35,166.48,0.36581,1.0500,193.23,9927.1,1938.0,162.30,95.397,11.806,1.6485,11.091,15.878,2872.2,61.383,1131.0,1805.5,10.236,357.90,,39.952,19.668,503.88,,40.208,11.806,202.96,31.250,111.49,0.49299,1.2805,3.3159,2.7549,126.03,5132.2,4.6626,111.87,814.08,4.8023,9.03500,15.059,,5.6534,0.84544,,5530.5,2019.6,4.2257,4.0976,24470,,11.201,89.726,11.806,6.0876,,3.6494,2.0295,2.2074,8.1568,38.300,2071.5,10.435,3322.9,24.112,2600.3,,8.0570,,26806,119.36,2.8990,656.87,0.71812,40.152,3.4574,,0.85479,658.02,19.377,119.18,39.578,275.31,,6.9211,,412.78,
2013-05-01,2013-04-30,4.8013,71.831,140.90,538.30,2.3399,125.53,6.7706,2.3399,1.0248,1.95583,2.6144,101.57,0.49281,2057.5,1.3072,1.6128,9.0981,,1.3072,70.339,10.610,,11314,2.6276,1201.0,617.35,2388.7,653.95,1.3072,110.64,232.32,53.726,103.29,9.0680,19.936,24.297,2.3149,0.84406,2.1569,,2.5833,0.84406,43.144,9230.8,10.186,274.90,25.203,55.561,,,1522.9,16052,152.92,129.25,0.92576,109.53,62.970,5254.9,491.78,170.0300,0.37200,1.0719,197.73,10260,1977.5,165.69,93.475,11.783,1.6782,11.141,16.000,2836.6,61.629,1164.2,1875.8,10.449,344.45,,40.589,20.079,520.92,,40.265,11.783,206.63,32.287,112.68,0.50327,1.3072,3.4514,2.8510,128.69,5424.9,4.7587,110.77,824.84,4.9024,9.4500,15.416,,5.7778,0.84406,,5648.6,1986.3,4.3138,4.1830,24488,,11.435,91.646,11.783,6.2224,,3.7255,2.1049,2.2445,8.3922,38.615,2126.8,10.601,3392.2,24.706,2692.3,,8.2250,,27366,122.26,2.9382,657.42,0.59792,36.144,3.5294,,0.86627,658.59,17.172,119.27,37.029,281.05,,6.9282,,421.38,
2013-06-01,2013-05-31,4.7771,71.975,140.59,542.68,2.3281,125.08,6.8678,2.3281,1.0197,1.95583,2.6012,101.13,0.49033,2023.7,1.3006,1.6415,8.9871,,1.3006,73.490,11.290,,11322,2.6143,1194.2,646.01,2458.2,650.20,1.3006,110.66,231.14,53.721,103.39,9.0847,19.836,24.278,2.3864,0.85392,2.1447,,2.5979,0.85392,44.038,9145.2,10.145,275.47,26.363,55.121,,,1511.4,15968,159.41,128.40,0.92213,110.75,62.728,5286.9,492.67,168.75,0.37183,1.0665,196.88,9999.4,1966.5,164.55,97.571,13.188,1.6734,11.128,16.261,2875.6,62.413,1225.2,1874.2,10.400,392.13,,40.514,20.029,429.20,,38.693,13.188,206.41,31.434,117.54,0.50070,1.3006,3.5474,2.8018,128.14,5547.1,4.7360,112.72,848.69,4.8779,9.6771,15.372,,5.7421,0.85414,,5624.8,1892.1,4.2920,4.1619,24493,,11.377,126.67,13.188,6.1857,,3.7067,2.1316,2.3167,8.3499,38.940,2125.2,10.603,3377.4,26.402,2707.3,,8.1835,,27330,125.90,3.0204,657.51,0.55239,34.855,3.5116,,0.86894,658.68,18.469,119.25,36.147,279.56,,6.9582,,419.25,
2013-07-01,2013-06-28,4.8042,73.745,141.05,536.67,2.3413,125.97,7.0325,2.3413,1.0253,1.95583,2.6160,101.70,0.49312,2035.2,1.3080,1.6550,9.0383,,1.3080,77.682,11.247,,11504,2.6292,1202.1,662.07,2515.1,653.48,1.3080,110.76,232.46,54.347,104.89,9.1771,19.949,24.498,2.4545,0.85804,2.1549,,2.6437,0.85804,45.813,9193.3,10.248,275.07,26.526,55.190,,,1529.1,16056,161.08,131.75,0.92737,112.29,63.622,5313.1,492.36,169.9200,0.37296,1.0726,198.55,10145,1979.0,170.82,98.120,13.067,1.6711,11.138,16.421,2871.7,61.668,1273.1,1892.7,10.450,387.74,,40.483,19.973,426.41,,39.044,13.068,211.65,32.309,124.36,0.50358,1.3080,3.6368,2.7171,130.28,5859.8,4.7626,113.60,851.59,4.9051,9.5197,15.570,,5.7748,0.85804,,5661.8,1830.9,4.3164,4.0055,24894,,11.440,131.48,13.069,6.2320,,3.7278,2.1561,2.3847,8.3843,39.216,2134.7,10.665,3390.3,26.487,2737.8,,8.2301,,27736,129.28,3.0988,656.48,0.46025,29.452,3.5316,,0.86970,656.48,15.913,119.20,32.544,281.32,,7.1809,,421.64,
2013-08-01,2013-07-31,4.8759,73.411,140.17,543.88,2.3762,127.44,7.3001,2.3762,1.0405,1.95583,2.6550,102.95,0.50048,2049.7,1.3275,1.6890,9.2394,,1.3275,80.146,11.346,,11782,2.6684,1225.9,686.09,2510.0,662.04,1.3275,111.11,236.04,55.609,105.38,9.2934,20.246,24.954,2.4925,0.87693,2.1970,,2.7413,0.87693,43.263,9327.6,10.404,281.96,27.074,57.538,,,1546.6,32903,158.50,134.45,0.94120,115.78,64.881,5392.3,492.04,172.28,0.37794,1.0886,203.88,10348,2006.8,174.90,99.622,13.149,1.6883,11.203,16.846,2915.2,61.633,1294.2,1991.3,10.603,403.56,,40.953,20.457,448.03,,39.825,13.148,213.00,32.864,129.43,0.51109,1.3275,3.6964,2.9526,135.01,5867.6,4.8340,114.35,860.10,4.9785,9.4283,15.913,,5.8609,0.87693,,5671.7,1818.7,4.3808,4.2480,24591,,11.610,140.22,13.148,6.3295,,3.7834,2.1879,2.4229,8.5093,39.806,2146.6,10.793,3419.0,28.313,2793.9,,8.3528,,28110,128.45,3.1339,660.18,0.48014,32.043,3.5843,,0.87725,661.37,17.732,119.69,34.778,285.28,,7.2747,,427.93,
2013-09-01,2013-08-30,4.8612,74.923,139.89,538.53,2.3691,126.78,7.4919,2.3691,1.0374,1.95583,2.6470,102.86,0.49901,2046.2,1.3235,1.6868,9.1441,,1.3235,86.961,11.549,,11918,2.6604,1219.3,675.51,2569.3,662.70,1.3235,109.55,235.32,56.447,107.64,9.2499,20.185,24.963,2.5114,0.85387,2.1970,,2.8521,0.85387,43.133,9302.8,10.542,281.11,26.986,58.699,,,1541.9,32826,158.36,134.37,0.93704,116.00,64.469,5376.1,491.89,172.1500,0.37785,1.0853,202.50,10380,2002.5,175.89,99.263,13.656,1.6767,11.163,16.959,2894.5,61.476,1282.2,2148.7,10.572,393.74,,40.631,20.329,434.11,,39.506,13.656,215.80,33.407,139.91,0.50956,1.3235,3.7177,2.9735,138.27,5899.5,4.8197,114.44,860.94,4.9638,9.5491,15.884,,5.8433,0.85387,,5729.4,1726.8,4.3676,4.0530,24488,,11.575,168.96,13.656,6.3094,,3.7720,2.1839,2.4478,8.4969,39.611,2140.1,10.754,3431.2,29.580,2799.7,,8.3276,,27992,129.91,3.1617,657.76,0.57866,33.959,3.5735,,0.87344,658.81,17.716,119.20,36.872,284.42,,7.1072,,426.64,
2013-10-01,2013-09-30,4.9604,77.573,141.63,547.76,2.4174,131.53,7.8186,2.4174,1.0587,1.95583,2.7010,104.89,0.50914,2073.0,1.3505,1.6962,9.3313,,1.3505,84.565,11.582,,12303,2.7146,1241.1,682.88,2580.5,674.63,1.3505,109.42,240.01,57.241,110.13,9.3071,20.597,25.549,2.5196,0.83571,2.2439,,2.9441,0.83571,44.026,9217.2,10.727,286.85,27.645,58.606,,,1573.3,33477,162.87,138.87,0.95683,116.75,65.661,5485.7,492.31,175.80,0.38231,1.1074,207.75,10602,2044.0,178.27,102.14,13.573,1.6852,11.190,17.448,3017.7,61.648,1313.2,2224.9,10.786,409.88,,41.055,20.744,491.58,,40.245,13.573,217.36,33.084,135.24,0.51996,1.3505,3.7568,3.2417,143.23,5979.3,4.9174,114.32,896.17,5.0648,9.7439,16.267,,5.9625,0.83576,,5793.6,1708.4,4.4567,4.1356,24449,,11.813,179.53,13.573,6.4401,,3.8489,2.2237,2.4281,8.6702,40.015,2167.6,11.061,3460.7,29.718,2899.1,,8.4975,,28513,131.03,3.1298,657.12,0.51594,31.722,3.6464,,0.88033,658.70,17.272,119.05,33.627,290.22,,7.1847,,435.34,
2013-11-01,2013-10-30,5.0522,79.270,140.22,557.49,2.4621,133.92,8.1132,2.4621,1.0783,1.95583,2.7510,106.81,0.51856,2126.6,1.3755,1.7023,9.5055,,1.3755,84.232,11.617,,12710,2.7649,1267.2,697.93,2590.2,687.46,1.3755,109.57,243.60,58.369,111.83,9.4777,20.978,26.118,2.5280,0.85594,2.3027,,3.0309,0.85594,44.841,9669.8,10.922,292.16,28.088,59.701,,,1602.5,34117,164.98,143.77,0.97523,116.99,66.727,5563.9,492.16,178.78,0.38803,1.1279,212.34,10870,2071.5,180.26,107.29,13.576,1.6891,11.234,17.641,3031.6,61.483,1339.1,2350.7,10.984,415.40,,41.568,21.196,518.56,,41.574,13.576,218.36,33.703,135.01,0.52957,1.3755,3.7994,3.3664,147.01,6100.8,5.0083,114.00,924.34,5.1587,9.9602,16.592,,6.0797,0.85594,,5953.2,1694.0,4.5392,4.2122,24484,,12.033,190.82,13.576,6.5653,,3.9202,2.2425,2.4637,8.8307,40.486,2209.1,11.262,3473.1,29.711,2990.3,,8.6548,,29023,131.39,3.1818,657.88,0.53804,31.721,3.7139,,0.89113,659.61,17.519,119.17,34.572,295.58,,7.5309,,443.40,
2013-12-01,2013-11-29,4.9993,79.502,140.70,550.70,2.4364,132.56,8.3464,2.4364,1.0668,1.95583,2.7222,105.72,0.51255,2114.5,1.3611,1.7090,9.4038,,1.3611,84.999,11.764,,12706,2.7086,1257.7,719.41,2629.9,679.22,1.3611,109.69,241.89,57.609,108.84,9.3691,20.759,25.956,2.5460,0.83339,2.3076,,3.0965,0.83339,51.177,9568.5,10.756,289.10,27.930,59.199,,,1585.7,33588,162.49,140.10,0.96502,117.87,66.626,5437.6,492.20,176.97,0.38492,1.1161,210.00,10895,2047.1,178.64,108.92,13.884,1.6891,11.234,17.871,3043.4,61.936,1342.6,2360.1,10.869,398.12,,41.173,20.961,558.05,,40.690,13.884,215.42,34.322,136.06,0.52406,1.3611,3.8149,3.3360,147.64,6018.1,4.9560,114.14,916.70,5.1045,9.7640,16.397,,7.8808,0.83339,,5840.5,1634.7,4.4916,4.1681,24513,,11.908,190.91,13.884,6.4986,,3.8791,2.2641,2.4874,8.7247,40.335,2196.8,11.202,3437.5,28.855,2944.0,,8.5642,,28719,134.20,3.1883,658.70,0.47251,29.556,3.6750,,0.88659,660.32,17.107,119.32,32.518,292.70,,7.5201,,438.76,
2014-01-01,2013-12-31,5.0652,77.243,140.53,555.45,2.4686,134.62,8.9913,2.4686,1.0802,1.95583,2.7582,107.11,0.51832,2130.0,1.3791,1.7422,9.5272,,1.3791,85.228,12.108,,13198,2.7444,1264.6,724.58,2657.9,691.49,1.3791,109.79,245.09,58.798,107.59,9.5813,21.033,26.279,2.5899,0.83365,2.3983,,3.2754,0.83365,51.589,9695.1,10.816,292.92,27.954,60.201,,,1606.7,33999,158.64,146.18,0.97613,119.02,67.917,5509.5,492.63,179.18,0.38940,1.1309,212.75,11062,2073.5,180.39,110.34,14.553,1.7014,11.263,18.014,3079.5,61.611,1360.1,2293.4,11.014,401.17,,41.442,21.252,593.01,,41.387,14.553,221.14,34.993,136.37,0.53097,1.3791,3.8601,3.4564,145.25,6339.9,5.0221,114.90,924.10,5.1726,9.9216,16.655,,8.2401,0.83365,,5921.5,1531.5,4.5510,4.2232,24532,,12.066,195.55,14.553,6.5826,,3.9304,2.2694,2.5374,8.8400,41.107,2188.6,11.329,3484.0,29.154,3037.0,,8.6774,,29092,136.59,3.2328,656.84,0.45209,27.920,3.7236,,0.89552,656.84,16.613,119.35,31.746,296.37,,7.6019,,444.56,
2014-02-01,2014-01-31,4.9644,76.446,140.42,550.98,2.4194,131.93,10.827,2.4194,1.0592,1.95583,2.7032,104.99,0.50957,2103.1,1.3516,1.7276,9.3389,,1.3516,84.688,12.366,,13029,2.6897,1248.9,748.98,2739.2,692.71,1.3516,109.64,240.21,58.031,105.42,9.4125,20.614,25.880,2.5657,0.82089,2.4054,,3.2780,0.82089,51.496,9501.7,10.566,287.49,26.901,55.844,,,1613.8,33413,156.77,144.88,0.95828,116.71,68.142,5399.6,491.70,175.80,0.38238,1.1083,210.19,10860,2030.1,176.74,107.45,15.256,1.7017,11.216,18.188,3103.3,61.618,1329.8,2323.4,10.812,393.17,,41.089,20.788,581.19,,41.629,15.256,219.73,34.464,135.48,0.52039,1.3516,3.8081,3.2758,142.55,6341.0,4.9220,116.04,919.76,5.0692,9.8227,16.408,,8.0636,0.82089,,5807.8,1440.1,4.4603,4.7306,24439,,11.825,193.85,15.256,6.4884,,3.8521,2.1701,2.5085,8.6638,40.989,2193.6,11.647,3345.2,29.972,2976.5,,8.5044,,28492,134.82,3.1877,658.81,0.46256,29.823,3.6493,,0.88098,660.01,16.881,119.27,32.951,290.59,,7.5383,,435.70,
2014-03-01,2014-02-28,5.0735,79.328,139.94,571.51,2.4725,134.82,10.891,2.4725,1.0827,1.95583,2.7626,107.35,0.52075,2148.0,1.3813,1.7496,9.5423,,1.3813,85.306,12.224,,13488,2.7766,1276.3,773.32,2826.3,754.27,1.3813,109.68,245.48,59.486,107.21,9.6144,21.067,26.672,2.5867,0.82663,2.4075,,3.5327,0.82663,52.904,9694.1,10.710,293.80,27.004,60.538,,,1609.3,34212,155.23,149.19,0.97768,119.21,72.430,5497.6,492.34,179.41,0.38895,1.1327,254.74,11093,2076.1,180.59,111.71,14.774,1.7147,11.256,18.841,3243.3,61.741,1355.4,2420.4,11.042,402.65,,41.439,21.286,577.38,,44.823,14.775,227.78,34.901,136.41,0.53180,1.3813,3.8669,3.3897,144.93,6120.8,5.0301,116.01,941.38,5.1803,10.039,16.804,,8.2408,0.82663,,5986.6,1426.5,4.5583,4.0748,24527,,12.083,198.95,14.774,6.6384,,3.9367,2.1798,2.5326,8.8161,41.884,2243.2,13.744,3478.0,31.079,3079.9,,8.6913,,29145,136.09,3.2123,659.00,0.49723,30.991,3.7295,,0.89266,660.19,17.320,119.28,33.866,296.84,,8.0392,,445.27,
2014-04-01,2014-03-31,5.0643,79.502,140.11,571.03,2.4681,134.58,11.032,2.4681,1.0807,1.95583,2.7576,106.99,0.51981,2145.3,1.3788,1.7365,9.5275,,1.3788,82.576,12.105,,13636,2.7715,1269.2,762.17,2709.1,752.80,1.3788,109.64,244.19,59.360,107.78,9.6104,20.751,26.705,2.5623,0.82816,2.4060,,3.6538,0.82821,52.532,9693.1,10.655,292.72,26.501,61.123,,,1668.4,34328,155.42,150.70,0.97757,119.20,75.129,5535.9,491.81,178.7600,0.38852,1.1306,251.05,11090,2073.0,180.21,110.30,14.574,1.7227,11.251,18.559,3258.1,61.681,1328.4,2450.1,11.018,411.57,,41.502,21.234,551.52,,42.950,14.574,227.32,35.335,132.28,0.53082,1.3788,3.8730,3.6563,135.38,6128.8,5.0206,115.54,939.68,5.1709,9.9841,16.797,,8.2259,0.82821,,5919.2,1358.3,4.5500,4.8258,24483,,12.063,201.39,14.573,6.6209,,3.9296,2.1808,2.5069,8.7963,42.035,2254.3,15.683,3518.7,31.071,3112.4,,8.6755,,29090,130.85,3.1508,658.71,0.46425,30.148,3.7228,,0.89206,660.09,18.132,119.26,33.103,296.30,,8.4759,,444.46,
2014-05-01,2014-04-30,5.0871,79.188,139.91,572.02,2.4722,135.23,11.082,2.4792,1.0856,1.95583,2.7700,107.48,0.52215,2167.6,1.3850,1.7393,9.5702,,1.3850,83.564,12.117,,13822,2.7839,1279.7,778.09,2677.0,759.55,1.3850,109.53,245.29,59.871,108.83,9.7090,20.845,27.187,2.5460,0.82176,2.4503,,3.9155,0.82176,54.846,9771.5,10.711,286.00,26.454,62.949,,,1669.0,35155,154.97,152.07,0.98197,120.50,74.737,5565.7,491.56,179.78,0.38961,1.1357,252.17,11132,2095.5,180.95,98.420,14.598,1.7200,11.248,18.739,3303.2,61.577,1333.8,2476.4,11.060,414.82,,41.412,21.343,543.61,,43.559,14.598,222.50,35.733,133.62,0.53323,1.3850,3.8891,3.7831,136.51,6132.8,5.0414,115.47,947.37,5.1944,10.073,16.862,,7.9621,0.82176,,5995.0,1327.5,4.6752,4.0858,24474,,12.118,205.80,14.598,6.7218,,3.9473,2.2214,2.4706,8.9410,41.869,2281.1,16.066,3492.7,31.758,3152.5,,8.7146,,29225,131.24,3.1781,656.71,0.44837,30.046,3.7395,,0.89373,657.41,18.608,119.13,33.044,297.64,,8.7394,,518.68,
2014-06-01,2014-05-30,4.9979,78.173,139.80,562.58,2.4222,133.12,10.987,2.4357,1.0665,1.95583,2.7214,105.35,0.51300,2130.9,1.3607,1.7058,9.4038,,1.3607,80.421,11.905,,13716,2.7350,1257.3,748.33,2593.9,752.28,1.3607,109.54,240.98,58.884,107.78,9.7286,20.479,26.623,2.5082,0.81250,2.4084,,4.1842,0.81250,53.884,9589.8,10.595,280.98,28.235,62.049,,,1639.7,34624,153.68,151.11,0.96474,119.40,71.124,5501.4,491.77,176.94,0.38372,1.1158,250.06,10985,2053.3,177.44,109.33,14.253,1.7118,11.211,18.812,3265.7,61.585,1315.8,2469.7,10.866,395.96,,41.256,21.118,539.84,,43.066,14.253,221.48,34.990,129.00,0.52386,1.3607,3.7617,3.7320,134.31,6031.7,4.9540,115.57,932.09,5.1034,10.020,16.611,,7.8224,0.81250,,5840.1,1294.0,4.5932,4.0141,24510,,11.909,203.53,14.253,6.6814,,3.8780,2.2241,2.4469,8.7820,40.845,2252.0,16.056,3479.3,31.337,3124.8,,8.5617,,28790,130.44,3.1331,658.05,0.44938,29.635,3.6739,,0.88330,659.41,19.733,119.15,34.615,292.62,,9.3155,,438.63,
2014-07-01,2014-06-30,5.0164,78.945,140.31,558.39,2.4313,133.27,11.108,2.4448,1.0705,1.95583,2.7316,105.71,0.51491,2139.6,1.3658,1.7044,9.4375,,1.3658,82.202,12.012,,13952,2.7453,1262.0,754.33,2567.9,741.79,1.3658,110.27,241.89,59.105,108.36,9.7681,20.556,26.754,2.5061,0.80124,2.4109,,4.5892,0.80124,54.359,9625.8,10.627,282.04,28.629,62.350,,,1645.9,34801,154.20,152.76,0.96835,119.64,70.836,5527.4,492.02,177.53,0.38566,1.1200,250.64,11015,2065.1,178.00,116.43,14.483,1.7083,11.222,19.210,3329.8,61.682,1331.6,2487.8,10.903,409.07,,41.315,21.061,540.56,,42.955,14.483,222.45,35.509,131.32,0.52585,1.3658,3.8181,3.3385,134.84,5997.0,4.9730,115.83,942.44,5.1226,9.9621,16.834,,7.8790,0.80124,,5902.0,1235.3,4.6104,4.0291,24514,,11.951,204.79,14.483,6.7458,,3.8925,2.3031,2.4429,8.7882,40.822,2267.2,16.047,3551.1,31.191,3136.5,,8.5938,,29133,129.78,3.0949,659.03,0.49144,30.920,3.6877,,0.88350,660.30,19.872,119.32,34.854,293.51,,8.5802,,440.27,
2014-08-01,2014-07-31,4.9141,75.593,139.05,544.06,2.3816,129.89,10.971,2.3948,1.0485,1.95583,2.6758,103.49,0.50442,2053.7,1.3379,1.6682,9.2453,,1.3379,81.023,11.892,,13807,2.6892,1232.8,769.28,2516.7,720.41,1.3379,109.60,236.74,58.399,106.95,9.5649,20.136,26.455,2.4685,0.79321,2.3103,,4.9636,0.79321,52.934,9332.4,10.458,276.28,28.066,61.010,,,1612.3,34765,154.14,150.49,0.94857,117.53,69.239,5418.5,491.77,174.0700,0.37912,1.0971,245.26,10784,2024.9,174.23,112.38,14.333,1.7013,11.194,18.650,3346.1,60.844,1300.5,2499.9,10.680,389.19,,40.806,20.637,530.16,,40.672,14.333,216.65,34.793,128.45,0.51512,1.3379,3.7314,3.2800,132.19,5766.3,4.8714,116.83,923.82,5.0171,9.7090,16.269,,7.9819,0.79321,,5829.9,1133.9,4.5828,3.9468,24501,,11.707,200.31,14.333,6.6353,,3.8130,2.3041,2.4059,8.5131,40.164,2219.6,16.390,3512.0,30.981,3114.8,,8.4182,,28408,127.45,3.0756,658.82,0.49451,30.938,3.6123,,0.87370,659.83,21.147,119.26,35.376,287.51,,8.2080,,431.28,
2014-09-01,2014-08-29,4.8440,74.777,139.53,542.49,2.3476,128.73,11.087,2.3607,1.0330,1.95583,2.6376,102.10,0.49721,2044.1,1.3188,1.6456,9.1149,,1.3188,79.807,11.712,,13762,2.6315,1217.3,784.82,2541.1,711.88,1.3188,109.58,234.38,57.560,105.97,9.4305,19.848,26.216,2.4440,0.79494,2.2881,,4.9389,0.79494,52.224,9152.3,10.249,272.33,27.826,58.633,,,1589.3,34880,153.76,148.42,0.93437,116.57,69.821,5369.0,491.84,171.46,0.37554,1.0814,240.11,10607,1987.4,171.76,112.10,14.013,1.6097,11.161,18.476,3385.4,61.514,1280.9,2388.3,10.527,383.70,,40.734,20.296,523.22,,40.289,14.014,213.98,34.503,127.73,0.50775,1.3188,3.7500,3.2435,134.22,5637.9,4.8024,117.84,903.68,4.9460,9.5152,17.128,,7.5815,0.79494,,5729.5,1033.4,4.5174,3.8905,24496,,11.542,202.92,14.014,6.5565,,3.7586,2.2915,2.3758,8.3682,39.472,2198.4,17.408,3445.4,31.426,3096.6,,8.2980,,27952,125.63,3.0450,658.78,0.47619,31.344,3.5608,,0.86856,659.77,21.865,119.23,34.673,283.41,,7.9194,,425.12,
2014-10-01,2014-09-30,4.6215,71.914,139.67,512.69,2.2399,123.72,10.671,2.2524,0.98550,1.95583,2.5166,97.361,0.47439,1978.1,1.2583,1.6052,8.7058,,1.2583,77.709,11.597,,13325,2.5292,1163.9,754.17,2543.5,679.19,1.2583,110.17,222.66,55.090,104.42,8.9894,18.938,25.163,2.3968,0.77644,2.2037,,4.1211,0.77644,50.080,8947.1,9.6543,259.84,26.711,57.851,,,1516.3,33369,152.58,141.53,0.89213,112.43,68.603,5142.7,491.44,163.7100,0.36307,1.0318,228.92,10146,1904.9,164.11,106.33,14.256,1.6314,11.056,18.377,3334.5,61.499,1250.1,2313.4,10.067,376.88,,39.636,19.378,509.61,,39.102,14.256,206.05,33.015,124.48,0.48442,1.2583,3.6434,3.1254,129.17,5618.3,4.5821,118.77,871.39,4.7208,9.1847,16.909,,7.6015,0.77644,,5467.3,977.07,4.2475,3.7120,24470,,11.104,202.77,14.256,6.2813,,3.5862,2.2710,2.3212,8.0040,38.284,2108.3,16.295,3340.8,31.115,2978.9,,7.9173,,26711,121.45,3.0081,657.74,0.44135,30.963,3.3974,,0.84872,655.25,19.853,119.12,33.283,270.41,,7.8895,,405.62,
2014-11-01,2014-10-30,4.6272,72.565,139.22,517.97,2.2426,125.24,10.710,2.2550,0.98756,1.95583,2.5196,97.515,0.47496,1982.3,1.2598,1.6102,8.7116,,1.2598,77.419,11.505,,13524,2.5322,1164.7,725.81,2579.3,679.07,1.2598,109.49,222.92,55.513,105.56,9.0066,18.960,25.280,2.4534,0.78728,2.2122,,4.0566,0.78728,54.253,8951.4,9.5927,260.15,26.838,58.203,,,1524.4,33409,153.39,141.78,0.89320,112.56,72.221,5142.6,491.83,163.75,0.36506,1.0330,227.77,10157,1906.7,164.91,106.45,13.740,1.6335,11.053,18.614,3420.4,61.687,1269.6,2340.7,10.064,382.36,,39.520,19.388,589.69,,39.811,13.740,208.27,33.566,124.41,0.48504,1.2598,3.6736,3.1606,129.82,5837.3,4.5874,119.02,873.38,4.7261,9.1956,17.780,,7.6106,0.78728,,5513.5,980.31,4.2526,3.7164,24487,,11.160,208.28,13.740,6.3008,,3.5904,2.2804,2.3395,7.9697,38.285,2152.9,16.377,3407.8,30.123,3003.3,,7.9268,,26783,124.75,3.0139,658.27,0.42490,30.715,3.4015,,0.85077,659.37,20.123,119.18,31.939,270.72,,8.0123,,406.10,
2014-12-01,2014-11-28,4.5851,72.278,140.22,541.76,2.2221,126.06,10.640,2.2345,0.97854,1.95583,2.4966,96.837,0.47063,1973.7,1.2483,1.6269,8.6168,,1.2483,77.435,11.505,,13482,2.5091,1153.4,755.21,2745.2,668.70,1.2483,110.15,220.89,54.769,107.34,8.9233,18.787,25.093,2.4520,0.79515,2.2875,,4.0073,0.79515,53.814,8910.5,9.5189,257.77,26.745,58.827,,,1506.2,33308,154.03,141.36,0.88592,112.66,71.876,5083.8,491.99,162.2400,0.36412,1.0236,226.65,10066,1889.3,163.74,105.48,13.749,1.6403,11.028,18.700,3355.4,61.695,1286.9,2365.5,9.9695,362.47,,39.359,19.037,613.91,,39.852,13.749,222.61,33.179,123.40,0.48062,1.2483,3.6369,3.1999,127.15,5779.6,4.5452,120.60,875.09,4.6849,9.2262,17.686,,7.1762,0.79510,,5417.6,902.15,4.2762,3.6825,24312,,10.912,214.79,13.748,6.3504,,3.5577,2.2964,2.3486,7.9071,38.644,2172.7,18.736,3467.8,29.366,2997.3,,7.8544,,26707,123.59,2.9964,658.56,0.41388,30.581,3.3704,,0.85252,659.63,20.959,119.25,31.236,268.25,,7.8768,,402.40,
2015-01-01,2014-12-31,4.4594,70.540,140.29,575.29,2.1764,124.89,10.277,2.1732,0.95076,1.95583,2.4282,94.572,0.45773,1936.6,1.2141,1.6048,8.3908,,1.2141,76.541,11.541,,14387,2.4403,1115.5,737.51,2885.0,654.91,1.2141,110.40,214.84,53.760,106.95,8.6840,18.291,24.531,2.4147,0.77942,2.2886,,3.9065,0.77942,52.449,8772.8,9.2253,251.08,26.118,57.307,,,1450.9,32869,154.35,138.80,0.86080,110.18,71.494,4945.1,491.70,157.76,0.35555,0.99557,221.39,9833.1,1836.9,159.29,100.16,14.048,1.6128,10.991,19.061,3138.4,61.435,1253.8,2292.8,9.6997,355.80,,38.548,18.527,571.84,,39.644,14.048,219.33,32.172,122.51,0.46745,1.2141,3.6344,3.1147,122.04,5629.2,4.4221,121.34,851.11,4.5577,8.9076,16.061,,6.9796,0.77942,,5084.7,859.10,4.1590,3.5816,24339,,10.634,219.62,14.048,6.4136,,3.4602,2.2610,2.2843,7.7394,38.434,2104.0,19.207,3370.3,29.533,2941.0,,7.6392,,25967,124.46,2.9576,658.79,0.42432,31.734,3.2781,,0.83800,655.61,21.311,119.29,32.141,260.90,,7.7655,,391.37,
2015-02-01,2015-01-30,4.1523,64.949,139.25,538.68,2.0265,117.76,9.7601,2.0236,0.88676,1.95583,2.2610,87.585,0.42623,1766.6,1.1305,1.5297,7.8063,,1.1305,69.944,10.870,,17195,2.2723,1044.6,714.13,2759.0,606.60,1.1305,109.15,200.04,50.720,104.93,8.5802,17.031,22.898,2.3048,0.75012,2.2991,,3.7929,0.75012,48.725,8236.4,8.6534,233.90,24.498,53.333,,,1356.7,31085,150.35,130.78,0.80141,103.67,67.615,4601.8,491.95,147.3900,0.33387,0.92702,208.91,9166.7,1708.2,149.52,96.093,13.102,1.5484,10.799,20.349,3102.1,61.374,1161.4,2190.9,9.0266,343.45,,36.922,17.240,513.54,,38.014,13.101,212.48,29.954,111.92,0.43528,1.1305,3.4401,2.9394,114.27,5451.8,4.1167,123.01,792.51,4.2518,8.4555,15.941,,6.4990,0.75012,,4799.0,799.38,3.8726,3.3350,24434,,9.8848,215.19,13.103,6.0851,,3.9568,2.1830,2.2102,7.1606,35.641,1992.5,17.998,3244.5,27.550,2754.1,,7.1132,,24125,115.60,2.8010,656.71,0.48309,35.993,3.0524,,0.80189,657.56,22.204,118.92,34.814,243.14,,7.3608,,364.42,
2015-03-01,2015-02-27,4.1283,64.548,140.54,538.28,2.0149,119.54,9.8024,2.0120,1.1755,1.95583,2.2480,87.565,0.42376,1784.5,1.1240,1.5284,7.7641,,1.1240,69.507,10.860,,16832,2.2592,1026.2,695.41,2809.1,600.90,1.1240,110.83,198.89,50.327,106.71,8.5767,16.933,22.866,2.2925,0.72859,2.4447,,3.9340,0.72859,48.276,8189.1,8.5789,232.56,24.563,53.564,,,1348.9,31100,149.56,129.66,0.79613,102.73,68.917,4561.3,492.03,146.07,0.33332,0.92169,208.02,9114.0,1699.5,149.63,95.259,13.087,1.5284,10.816,20.794,3133.7,61.606,1164.6,2219.9,8.9781,353.93,,37.710,17.158,491.53,,38.133,13.087,228.17,29.914,111.31,0.43273,1.1240,3.4760,2.9618,114.49,5319.6,4.0927,120.40,792.46,4.2156,8.4069,15.652,,6.4617,0.72855,,4889.4,794.84,3.8504,3.3158,24556,,9.9418,229.66,13.087,6.1182,,3.9340,2.1918,2.1996,7.1504,35.359,2065.4,30.629,3248.4,27.650,2765.4,,7.0723,,23995,117.19,2.7877,659.79,0.47052,34.600,3.0348,,0.79864,656.04,23.112,119.41,33.660,241.76,,7.7512,,362.33,
2015-04-01,2015-03-31,3.9516,62.080,140.22,507.93,1.9287,116.04,9.4843,1.9259,1.1292,1.95583,2.1518,83.710,0.40564,1718.9,1.0759,1.4787,7.4324,,1.0759,67.241,10.738,,15805,2.1626,985.52,675.86,2771.2,574.51,1.0759,110.85,190.38,48.082,105.07,8.1563,16.209,21.975,2.2179,0.72706,2.3993,,4.0838,0.72706,46.188,7941.2,8.2279,222.60,23.581,51.276,,,1296.5,30118,147.36,123.51,0.76217,99.467,68.722,4339.2,492.91,139.91,0.32381,0.88225,199.91,8725.5,1627.8,143.22,90.914,13.112,1.5031,10.706,19.286,3254.6,61.558,1159.8,2132.4,8.5926,338.91,,39.163,16.337,470.86,,39.648,13.112,214.10,28.634,107.65,0.41425,1.0759,3.3327,2.8425,109.67,5169.7,3.9175,119.97,769.31,4.0359,8.1817,14.772,,6.1851,0.72706,,4621.0,760.82,3.6856,3.1739,24552,,9.4909,228.32,13.112,6.1843,,3.7657,2.1075,2.1221,6.8568,33.685,1934.5,25.222,3200.8,27.704,2679.2,,6.7697,,23191,112.17,2.6598,659.29,0.49868,35.454,2.9049,,0.77993,657.21,21.928,119.22,33.790,231.20,,8.1578,,346.82,
2015-05-01,2015-04-30,4.1193,64.880,141.10,536.53,2.0104,122.57,9.9828,2.0075,1.1744,1.95583,2.2430,87.169,0.42282,1760.8,1.1215,1.4818,7.7506,,1.1215,71.128,10.931,,16004,2.2542,1036.3,682.66,2668.3,595.74,1.1215,109.88,198.45,50.243,108.84,8.5508,16.896,23.008,2.2930,0.72848,2.6056,,4.3262,0.72848,48.337,8300.0,8.7084,232.04,24.664,54.452,,,1354.2,31394,147.34,129.28,0.79447,106.21,67.369,4531.0,492.78,145.59,0.33864,0.91964,208.40,9072.9,1697.4,149.28,95.328,13.278,1.5582,10.890,20.355,3487.9,61.839,1225.4,2197.6,8.9529,346.82,,38.972,17.092,493.61,,39.813,13.278,223.29,29.752,113.97,0.43177,1.1215,3.4996,3.0067,114.07,5643.9,4.0826,120.61,801.92,4.2057,8.5285,15.181,,6.4473,0.72844,,4839.3,791.80,3.8418,3.3084,24598,,9.6410,247.06,13.278,7.0043,,3.9253,2.1455,2.2029,7.1229,34.344,2220.6,23.664,3361.1,29.456,2818.0,,7.0566,,24224,117.77,2.7726,661.76,0.47432,34.354,3.0281,,0.79741,661.40,22.440,119.73,32.961,241.00,,8.3578,,361.52,
2015-06-01,2015-05-29,4.0293,65.274,140.81,525.13,1.9665,120.92,9.8703,1.9636,1.1529,1.95583,2.1940,85.319,0.41361,1752.6,1.0969,1.4796,7.5765,,1.0970,70.016,10.872,,16345,2.2050,1005.9,673.55,2785.4,587.56,1.0970,109.38,194.12,48.926,109.05,8.3633,16.527,22.565,2.2665,0.71812,2.5232,,4.4532,0.71812,47.061,8179.2,8.4123,226.97,24.032,53.591,,,1324.6,31473,147.26,127.10,0.77722,107.34,63.787,4464.8,491.54,142.68,0.33245,0.89955,204.01,8905.4,1652.4,146.91,93.245,13.316,1.5274,10.794,19.897,3455.6,61.563,1199.5,2091.4,8.7603,345.56,,38.780,16.740,481.91,,40.043,13.316,218.36,29.193,112.28,0.42231,1.0970,3.4627,2.9521,111.89,5622.1,3.9930,120.45,783.40,4.1140,8.3422,14.703,,6.3064,0.71807,,4711.6,775.03,3.7035,3.2362,24488,,9.5683,237.99,13.315,6.8765,,3.8395,2.1542,2.1548,6.9672,33.674,2286.1,23.147,3351.3,29.454,2778.0,,6.9024,,23931,114.65,2.7473,658.28,0.49086,34.894,2.9619,,0.78892,658.38,22.909,119.17,32.713,235.73,,7.9971,,353.62,
2015-07-01,2015-06-30,4.1096,67.584,140.18,529.24,2.0057,136.26,10.160,2.0028,1.1729,1.95583,2.2378,87.056,0.42188,1782.3,1.1189,1.5074,7.7347,,1.1189,71.218,11.035,,17168,2.2490,1037.2,715.08,2898.4,597.05,1.1189,110.03,197.99,49.931,110.58,8.5421,16.857,23.215,2.3359,0.71091,2.5153,,4.8728,0.71091,44.241,8347.0,8.5333,231.50,24.528,58.242,,,1351.1,32627,147.08,130.52,0.79319,110.99,69.460,4575.2,492.87,145.5000,0.33804,0.91751,208.35,9078.2,1689.0,149.76,95.666,13.648,1.5492,10.850,21.049,3600.6,61.609,1250.9,2197.5,8.9344,365.88,,39.442,17.085,493.50,,43.191,13.647,222.66,29.919,114.19,0.43079,1.1189,3.5559,3.0697,113.88,5812.7,4.0740,120.22,789.38,4.1963,8.5412,14.698,,6.4323,0.71086,,4710.6,770.36,3.7774,3.3008,24511,,9.7427,243.58,13.647,7.0045,,3.9162,2.1739,2.2400,7.1079,34.544,2232.2,23.508,3695.2,30.210,2859.5,,7.0402,,24436,117.50,2.7799,658.17,0.45054,33.690,3.0210,,0.79558,658.17,19.355,119.16,31.027,240.70,,8.3830,,,
2015-08-01,2015-07-31,4.0281,66.956,138.74,523.67,1.9659,138.46,10.072,1.9631,1.1504,1.95583,2.1934,85.296,0.41351,1709.0,1.0967,1.5089,7.6536,,1.0967,70.338,11.123,,16758,2.2044,1016.6,735.18,3154.9,586.48,1.0967,109.99,194.05,49.840,108.89,8.5770,16.522,22.861,2.3409,0.70171,2.4923,,4.2004,0.70171,42.695,8192.1,8.3991,226.91,24.063,61.120,,,1324.3,32425,146.35,128.43,0.77756,112.17,66.922,4500.9,492.12,142.71,0.33235,0.89930,205.96,8983.1,1651.6,146.77,93.220,13.856,1.5250,10.735,20.563,3646.5,61.208,1354.4,2173.7,8.7581,359.20,,38.770,16.736,564.80,,41.950,13.856,218.52,29.687,112.33,0.42225,1.0967,3.5029,3.0422,111.62,5678.2,3.9933,119.35,758.78,4.1130,8.4622,14.383,,6.3266,0.70175,,4197.1,733.14,3.7025,3.8385,24338,,9.5928,240.02,13.856,6.8656,,3.8385,2.1544,2.2561,6.9633,34.738,2330.5,23.277,3764.4,31.146,2824.2,,6.9005,,23928,119.28,2.7899,655.77,0.43069,31.891,2.9611,,0.78633,656.11,18.001,118.43,28.731,236.03,,8.4172,,,
2015-09-01,2015-08-31,4.1193,72.394,139.42,541.35,2.0104,141.76,10.426,2.0075,1.1787,1.95583,2.2430,87.314,0.42315,1747.1,1.1215,1.5845,7.7506,,1.1215,74.560,11.598,,19574,2.2542,1040.2,782.11,3491.0,598.94,1.1215,110.60,198.44,50.310,118.80,8.7798,16.896,23.369,2.4129,0.72763,2.6523,,4.3739,0.72763,44.557,8437.3,8.6148,232.04,24.646,58.641,,,1347.5,33484,144.79,131.92,0.79514,116.65,74.014,4606.6,491.46,145.81,0.33889,0.91964,269.74,9163.2,1691.8,150.90,97.571,14.969,1.5491,10.876,21.365,3684.1,61.392,1431.6,2231.8,8.9529,354.39,,39.562,17.204,625.77,,46.291,14.969,223.46,30.280,118.82,0.43187,1.1215,3.6180,3.1459,116.85,6042.1,4.0842,120.04,818.47,4.2070,8.7276,14.270,,6.4697,0.72763,,5201.5,738.73,3.7862,3.3084,24453,,9.8750,247.01,14.969,7.0579,,3.9253,2.1907,2.3119,7.1258,36.633,2405.6,24.729,4117.0,31.829,2910.9,,7.0566,,25214,121.69,2.8823,658.10,0.41514,32.367,3.0281,,0.79647,660.34,16.973,119.04,28.683,241.00,,9.9141,,,
2015-10-01,2015-09-30,4.1149,71.834,139.44,530.01,2.0053,151.63,10.548,2.0053,1.1756,1.95583,2.2406,87.075,0.42275,1751.9,1.1203,1.5949,7.7365,,1.1203,73.480,11.805,,19819,2.2334,1038.5,785.11,3485.1,598.07,1.1203,110.78,199.10,50.666,118.84,8.7643,17.040,23.439,2.4595,0.73830,2.6775,,4.2120,0.73830,43.753,8122.2,8.6151,232.13,24.440,60.612,,,1361.2,33560,142.69,132.98,0.79362,117.51,77.117,4566.3,491.66,145.70,0.33860,0.91866,304.67,9131.0,1692.8,158.30,97.466,15.544,1.5236,10.880,22.479,3590.6,61.538,1441.8,2235.0,8.9428,327.17,,39.715,17.241,622.16,,47.523,15.544,222.94,30.781,117.57,0.43137,1.1203,3.6236,3.2146,117.03,6325.8,4.0801,119.75,850.31,4.2015,8.9267,14.633,,7.0481,0.73835,,5395.9,722.71,3.6970,3.3049,24504,,9.8137,247.23,15.543,7.2212,,3.9211,2.2012,2.4552,7.1018,36.961,2431.1,23.680,4136.7,32.337,2936.3,,7.0490,,25173,125.75,2.9756,661.06,0.41821,32.052,3.0248,,0.79895,663.55,18.965,119.26,26.151,240.74,,13.544,,,
2015-11-01,2015-10-30,4.0465,71.247,138.92,522.65,1.9720,149.07,10.486,1.9720,1.1526,1.95583,2.2034,85.729,0.41553,1719.6,1.1017,1.5429,7.5995,,1.1017,71.902,11.621,,19214,2.1979,1022.4,759.24,3192.4,590.02,1.1017,111.33,195.79,50.001,117.34,8.8410,17.142,23.301,2.3282,0.71791,2.6331,,4.2471,0.71791,42.724,8758.5,8.4506,228.27,24.317,59.883,,,1319.9,33004,141.16,131.61,0.77934,112.35,76.432,4473.9,491.95,143.09,0.33385,0.90340,308.56,8973.3,1667.4,155.32,91.992,15.237,1.5200,10.810,22.150,3580.5,61.446,1409.1,2192.9,8.7943,359.23,,39.551,16.845,616.95,,47.098,15.237,219.46,30.515,115.18,0.42412,1.1017,3.6224,3.2166,116.20,6210.8,4.0102,120.31,831.23,4.1324,8.7022,13.964,,6.70,0.71791,,4944.4,685.75,3.6356,3.2500,24678,,9.6170,243.33,15.237,7.1728,,3.8560,2.1892,2.3908,6.9760,35.910,2390.7,25.284,3922.1,32.351,2950.1,,6.9320,,24584,122.07,2.8446,655.93,0.45435,33.367,2.9746,,0.78869,659.72,19.757,119.04,28.888,236.74,,13.859,,,
2015-12-01,2015-11-30,3.8856,70.446,138.11,511.55,1.8936,143.13,10.257,1.8936,1.1123,1.95583,2.1158,84.050,0.39915,1646.4,1.0579,1.4946,7.3100,,1.0579,70.528,11.524,,19225,2.1104,981.20,752.99,3335.2,561.80,1.0579,109.70,187.56,48.023,114.66,8.2828,16.526,22.310,2.2760,0.70414,2.5305,,4.0338,0.70414,41.787,8200.8,8.0575,219.20,22.964,58.979,,,1267.4,31716,140.43,126.64,0.75143,108.17,77.689,4283.9,491.99,137.53,0.32236,0.86749,325.73,8634.1,1593.8,151.62,91.508,15.263,1.4835,10.649,21.116,3446.6,61.555,1376.9,2107.3,8.4448,307.46,,38.402,16.207,642.67,,57.656,15.263,210.57,29.772,113.08,0.40729,1.0579,3.5683,3.1345,111.59,6012.6,3.8527,121.23,802.95,3.9706,8.2713,13.441,,6.42,0.70414,,4441.1,666.85,4.2316,3.1208,24497,,9.2596,233.58,15.263,7.0783,,3.7027,2.1863,2.3088,6.7743,34.587,2288.2,25.390,3544.0,31.340,2909.7,,6.6564,,23797,116.96,2.7825,662.65,0.42889,32.188,2.8563,,0.77097,666.72,16.594,119.24,25.268,227.33,,10.949,,,
2016-01-01,2015-12-31,3.9988,74.434,137.44,527.36,1.9488,147.32,14.142,1.9488,1.7005,1.95583,2.1774,85.191,0.41059,1702.5,1.0887,1.5419,7.5229,,1.0887,72.022,12.246,,20282,2.1716,1006.0,773.77,3456.8,586.16,1.0887,109.72,193.48,49.296,116.75,8.5214,17.325,23.058,2.3388,0.73447,2.6129,,4.1479,0.73447,42.976,8355.8,8.3106,225.58,24.352,62.097,,,1268.3,32788,141.27,130.62,0.77189,111.27,82.632,4414.0,492.15,141.4700,0.33050,0.89274,370.81,8875.6,1641.9,157.04,94.717,16.937,1.5080,10.783,21.426,3500.7,61.539,1426.2,2169.8,8.6909,342.56,,39.084,16.668,727.00,,52.258,16.937,216.71,30.212,115.24,0.41914,1.0887,3.7126,3.2743,114.02,6294.9,3.9649,121.59,812.02,4.0870,8.8584,14.365,,7.0178,0.73447,,4463.7,684.14,4.3548,20.141,24498,,9.5520,239.51,16.937,7.6034,,3.8105,2.2163,2.3943,6.9913,35.777,2340.0,26.159,3674.4,32.563,3059.2,,6.8502,,24469,119.30,2.8103,662.79,0.40988,31.357,2.9395,,0.78565,666.15,16.214,119.23,25.966,233.95,,11.976,,,
2016-02-01,2016-01-29,4.0109,74.889,138.85,533.99,1.9547,173.35,15.173,1.9547,1.7546,1.95583,2.1840,85.727,0.41179,1707.7,1.0920,1.5553,7.5405,,1.0920,74.029,12.452,,23331,2.1770,1012.8,775.56,3584.2,587.75,1.0920,109.87,194.07,49.708,117.05,8.5528,17.959,23.227,2.3408,0.76433,2.6918,,4.3561,0.76433,43.159,8443.3,8.3915,226.26,24.611,64.958,,,1305.6,32964,141.61,132.30,0.77477,111.73,82.872,4440.6,492.04,141.91,0.33171,0.89545,398.63,8894.9,1652.7,157.19,93.366,17.508,1.5125,10.788,22.266,3505.3,61.643,1417.0,2192.7,8.7665,379.32,,39.388,16.718,795.17,,49.391,17.508,217.31,29.873,118.60,0.42043,1.0920,3.7843,3.3141,114.47,6477.1,3.9754,123.22,849.58,4.0957,8.8925,15.204,,7.0390,0.76433,,4460.8,676.99,4.3663,20.202,24529,,9.5482,240.25,17.508,8.5651,,3.8220,2.2277,2.4517,7.0352,36.393,2386.6,28.010,3801.5,33.879,3092.0,,6.8710,,24259,122.44,2.8904,663.62,0.41892,32.821,2.9484,,0.79102,670.27,14.648,119.37,25.529,234.66,,12.285,,,
2016-03-01,2016-02-29,3.9992,74.724,138.17,534.60,1.9518,176.53,16.998,1.9490,1.7339,1.95583,2.1776,85.405,0.41044,1724.1,1.0888,1.5327,7.4762,,1.0888,74.498,12.415,,23273,2.1712,998.43,756.37,3642.3,583.52,1.0888,110.30,193.50,49.448,118.21,8.5208,16.604,23.239,2.2956,0.78540,2.6784,,4.2476,0.78540,43.002,8337.0,8.3593,225.60,24.615,66.190,,,1300.2,32872,141.62,132.26,0.77196,110.67,81.024,4399.0,491.85,141.45,0.32753,0.89282,381.08,8853.6,1647.9,157.67,100.71,17.377,1.4994,10.771,21.792,3534.2,61.682,1348.4,2210.3,8.7186,376.77,,39.121,15.845,823.89,,53.035,17.377,216.89,30.609,119.20,0.41917,1.0888,3.8369,3.3195,114.11,6230.7,3.9642,123.51,832.56,4.0837,8.6688,15.763,,7.0184,0.78540,,4386.6,669.07,4.3541,29.848,24496,,9.5222,239.51,17.377,8.5534,,3.8108,2.2316,2.4309,7.0942,36.260,2383.4,29.289,3717.2,35.016,3099.4,,6.8508,,24286,121.91,2.8281,655.81,0.43459,36.225,2.9398,,0.78416,655.81,14.595,119.29,27.144,234.13,,12.396,,,
2016-04-01,2016-03-31,4.1816,78.169,138.59,547.62,2.0409,186.59,16.633,2.0379,1.7575,1.95583,2.2770,89.230,0.42920,1780.2,1.1385,1.5283,7.7627,,1.1385,75.423,12.348,,22959,2.2704,1056.5,764.42,3431.7,610.13,1.1385,109.69,202.33,52.115,124.21,10.104,18.715,24.503,2.3660,0.79233,2.6186,,4.3787,0.79239,48.497,8641.2,8.7932,235.90,25.771,70.902,,,1356.6,34442,140.47,138.48,0.80799,115.48,82.179,4595.4,491.77,148.01,0.34369,0.93358,392.32,9245.2,1723.4,165.65,96.203,16.781,1.5535,10.965,22.329,3640.9,61.602,1384.4,2332.2,9.0929,397.65,,40.132,17.476,779.18,,58.530,16.781,226.62,32.087,120.63,0.43833,1.1385,3.8347,3.5302,119.21,6441.3,4.1455,122.81,855.35,4.2701,9.0000,15.358,,7.3388,0.79233,,4544.9,699.61,4.5481,37.115,24483,,9.9581,249.58,16.781,8.9548,,3.9848,2.2942,2.4918,7.5167,36.673,2489.3,29.886,3842.4,36.204,3252.3,,11.371,,25381,124.43,2.9058,658.15,0.43376,34.828,3.0740,,0.80812,666.97,16.057,119.17,27.525,244.65,,12.580,,,
2016-05-01,2016-04-29,4.1882,77.985,138.01,545.98,2.0441,190.11,16.335,2.0411,1.7099,1.95583,2.2806,89.371,0.42988,1783.2,1.1403,1.5310,7.8843,,1.1403,75.636,12.067,,21953,2.2746,1057.6,749.42,3279.2,612.69,1.1403,109.56,202.65,52.174,124.22,10.117,18.656,24.564,2.3560,0.77911,2.5372,,4.3445,0.77911,48.819,8615.0,8.8202,236.27,25.752,71.094,,,1358.8,34556,139.71,140.28,0.80916,115.33,78.133,4629.6,491.88,148.33,0.34330,0.93506,373.29,9251.8,1726.1,166.77,96.355,16.103,1.5527,10.958,22.561,3622.7,62.536,1332.9,2293.7,9.1113,405.22,,39.911,17.446,782.91,,56.160,16.100,226.98,32.739,121.02,0.43899,1.1403,3.7373,3.5915,119.49,6414.2,4.1506,122.35,882.33,4.2765,8.8739,15.098,,7.3504,0.77911,,4444.9,692.73,6.2169,37.630,24450,,9.9760,249.84,16.098,9.0300,,3.9911,2.2885,2.4941,7.5795,36.797,2498.4,28.586,3814.3,36.262,3306.0,,11.389,,25421,123.62,2.8854,655.75,0.50060,35.988,3.0902,,0.80454,664.75,17.663,119.01,30.011,285.13,,11.175,,,
2016-06-01,2016-05-31,4.0968,76.907,138.24,533.38,1.9995,188.74,15.564,1.9966,1.6631,1.95583,2.2308,87.399,0.42055,1739.9,1.1154,1.5365,7.6782,,1.1154,75.022,12.547,,22060,2.2403,1034.5,768.78,3423.2,597.30,1.1154,109.83,198.23,51.191,123.31,9.8498,18.293,24.204,2.3671,0.76225,2.3870,,4.3445,0.76225,47.563,8209.3,8.5099,231.11,25.278,69.985,,,1331.9,33952,139.08,139.03,0.78993,112.30,76.180,4556.4,491.68,144.6900,0.33720,0.91464,374.89,9052.0,1685.2,165.08,94.251,17.612,1.5349,10.883,22.202,3659.9,61.604,1322.9,2224.7,8.9240,397.31,,39.519,17.188,790.95,,63.087,17.612,222.02,31.789,120.08,0.42943,1.1154,3.7544,3.5297,116.95,6322.2,4.0603,123.09,884.79,4.1830,8.6937,14.845,,7.1899,0.76220,,4403.6,658.64,7.4877,39.071,24515,,9.7514,243.38,17.612,8.7771,,3.9039,2.3556,2.5088,7.3969,36.383,2442.7,27.969,3750.0,34.577,3262.1,,11.140,,24974,123.02,2.9002,663.43,0.46060,34.842,3.0227,,0.79508,664.27,15.581,119.32,28.031,279.13,,11.611,,,
2016-07-01,2016-06-30,4.0777,75.960,137.39,529.51,1.9901,187.86,16.617,1.9873,1.7214,1.95583,2.2204,86.956,0.41893,1862.7,1.1102,1.4956,7.6451,,1.1102,74.966,12.081,2.2210,,2.2303,1039.1,736.93,3236.9,608.31,1.1102,109.73,197.25,51.003,122.52,9.8657,17.696,24.313,2.2995,0.82481,2.5812,,4.3520,0.82475,47.486,9977.9,8.4803,230.03,25.301,69.588,,,1325.7,33960,136.71,140.59,0.78713,112.20,78.563,4535.2,491.90,144.30,0.33499,0.91037,376.56,8987.9,1680.3,161.70,93.812,16.368,1.5432,10.867,22.063,3609.2,61.627,1305.0,2202.6,8.8727,396.00,,39.390,16.997,791.23,,70.542,16.366,312.30,31.657,119.89,0.42744,1.1102,3.6511,3.5133,116.29,6232.2,4.0426,123.21,865.27,4.1642,8.6397,14.291,,7.1563,0.82469,,6092.0,652.24,7.7866,45.414,24494,,9.7084,240.79,16.365,8.7351,,3.8857,2.4364,2.4272,7.3275,35.813,2430.2,27.555,3780.2,34.017,3267.8,,11.088,,24762,122.60,2.8099,663.93,0.53369,38.202,3.0086,,0.79366,666.12,17.158,119.21,29.050,278.11,,10.774,,,
2016-08-01,2016-07-29,4.0818,76.402,135.73,529.53,1.9892,188.05,16.734,1.9892,1.7949,1.95583,2.2226,87.070,0.41907,1860.9,1.1113,1.4945,7.7004,,1.1113,74.452,11.898,2.2104,,2.2170,1091.3,732.52,3447.2,611.60,1.1113,109.23,196.97,51.125,122.43,9.8755,17.392,24.549,2.3008,0.84356,2.6127,,4.4063,0.84356,47.475,10096,8.4042,230.26,25.417,70.600,,,1302.7,34400,131.97,140.78,0.78858,112.69,75.099,4553.0,489.74,145.00,0.33583,0.91128,391.18,8999.9,1682.0,162.03,93.905,15.516,1.5530,10.844,21.920,3275.0,61.269,1319.7,2297.6,8.8801,393.93,,39.351,17.003,800.14,,75.763,15.516,355.34,32.114,119.10,0.42785,1.1113,3.7417,3.5223,116.51,6168.4,4.0469,122.58,894.60,4.1678,8.6888,14.870,,7.1634,0.84330,,6162.2,648.44,7.9775,57.772,24382,,9.6983,239.81,15.516,8.7443,,3.8896,2.4578,2.4254,7.4457,35.509,2432.6,27.571,3747.3,32.950,3293.9,,11.099,,24776,122.44,2.8120,657.09,0.58475,38.888,2.9783,,0.79756,657.09,20.377,118.67,33.184,277.88,,11.390,,,
2016-09-01,2016-08-31,4.0888,74.299,136.96,528.10,1.9926,188.38,16.591,1.9926,1.8854,1.95583,2.2264,87.126,0.41971,1869.1,1.1132,1.5180,7.7166,,1.1132,74.544,12.113,2.1796,,2.2375,1102.1,753.97,3275.0,615.79,1.1132,109.79,197.84,51.402,122.04,9.7778,17.798,24.643,2.2924,0.84951,2.5548,,4.4295,0.84951,47.628,10117,8.4097,230.66,25.489,72.411,,,1311.5,39354,130.06,141.65,0.78926,112.82,76.698,4559.7,491.46,144.68,0.33614,0.91283,379.04,9013.0,1685.7,161.95,94.065,16.322,1.5255,10.875,21.999,3384.1,61.245,1350.3,2459.1,8.8939,395.14,,39.185,17.121,802.67,,80.952,16.322,351.49,32.348,119.28,0.42859,1.1132,3.7726,3.5284,116.58,6136.7,4.0535,123.01,894.26,4.1747,8.7037,14.629,,7.1757,0.84938,,6201.1,647.33,8.2221,64.380,24509,,9.7151,239.11,16.323,8.7603,,3.8962,2.4555,2.4295,7.4640,35.346,2433.5,29.210,3757.1,31.882,3328.1,,11.118,,24827,122.22,2.8168,655.28,0.53989,37.828,2.9834,,0.79837,660.52,19.547,119.12,30.443,278.41,,10.611,,,
2016-10-01,2016-09-30,4.0994,73.290,136.82,528.81,1.9790,188.87,17.007,1.9978,1.8321,1.95583,2.2322,87.474,0.42080,1868.9,1.1161,1.5216,7.7101,,1.1161,74.345,11.736,2.1451,,2.2426,1092.7,733.56,3208.7,615.34,1.1161,109.32,198.35,51.709,122.56,9.9131,17.740,24.839,2.2894,0.85953,2.6117,,4.4253,0.85953,47.775,10141,8.3940,231.26,25.704,72.902,,,1314.9,39456,127.34,142.45,0.79120,112.95,75.822,4570.3,489.84,145.80,0.33652,0.91521,374.45,9052.1,1689.9,163.70,94.310,15.402,1.5345,10.873,22.009,3491.2,61.317,1410.2,2550.3,8.9140,398.45,,39.599,17.143,805.14,,87.145,15.402,351.57,32.283,118.90,0.42972,1.1161,3.7986,3.5376,116.58,6201.7,4.0644,122.73,899.83,4.1895,8.6385,14.886,,7.1944,0.85953,,6294.1,646.78,8.5532,75.744,24400,,9.7402,238.38,15.403,8.7862,,3.9064,2.4606,2.4137,7.4941,34.995,2434.2,28.946,3782.5,31.803,3359.7,,11.147,,24895,118.98,2.7896,661.64,0.56213,38.117,2.9911,,0.79961,663.31,20.901,118.77,29.870,279.14,,11.093,,,
2016-11-01,2016-10-28,4.0117,72.152,136.38,519.78,1.9366,183.01,16.568,1.9550,1.8325,1.95583,2.1844,85.601,0.41180,1836.8,1.0922,1.5214,7.5670,,1.0922,72.937,11.607,2.0839,,2.1789,1052.9,710.71,3237.1,607.04,1.0922,109.72,194.11,50.481,120.22,9.6950,17.370,24.295,2.2618,0.89760,2.6172,,4.3442,0.89760,46.763,9993.6,8.2215,226.30,25.224,70.706,,,1286.8,38699,124.28,141.11,0.77339,110.85,74.832,4423.4,491.61,141.93,0.33143,0.89561,364.79,8899.8,1653.0,161.57,92.291,15.151,1.5349,10.816,21.899,3506.0,61.529,1412.8,2582.2,8.7229,392.10,,39.217,16.809,782.02,,85.192,15.151,345.95,31.774,116.71,0.42052,1.0922,3.6682,3.4618,114.39,6262.6,3.9770,123.14,895.60,4.0960,8.5129,14.503,,7.1452,0.89760,,6165.4,631.84,7.5253,78.019,24496,,9.5318,233.79,15.151,8.6021,,3.8227,2.4682,2.3738,7.3227,34.554,2385.1,27.759,3776.3,31.013,3368.3,,10.908,,24387,119.57,2.7525,659.09,0.52272,37.449,2.9271,,0.79623,659.74,18.126,119.23,28.735,273.10,,10.714,,,
2016-12-01,2016-11-30,3.9062,70.945,136.19,510.91,1.8904,175.49,16.847,1.9037,1.8786,1.95583,2.1270,83.378,0.40093,1788.8,1.0635,1.5208,7.3704,,1.0635,72.731,11.448,2.1081,,2.1378,1219.8,716.21,3291.1,585.71,1.0635,110.60,189.01,49.564,117.89,19.085,16.531,23.929,2.2124,0.85470,2.7146,,4.5837,0.85463,43.572,9777.8,7.9890,220.36,24.865,68.327,,,1251.9,33968,119.72,137.46,0.75338,108.29,73.548,4285.9,493.69,138.22,0.32442,0.87208,361.15,8691.5,1609.6,158.27,89.866,14.911,1.5113,10.725,21.536,3546.7,61.800,1400.1,2621.0,8.4965,381.80,,38.299,16.389,776.36,,78.859,14.911,335.07,30.947,116.47,0.40946,1.0635,3.6281,3.3762,111.48,6216.2,3.8725,123.60,864.48,3.9893,8.3151,14.130,,6.8600,0.85463,,5945.0,613.11,7.7880,77.864,24475,,9.2812,545.28,14.911,8.3783,,3.7223,2.4565,2.2960,7.1760,33.893,2318.4,27.170,3861.6,30.834,3377.8,,10.622,,24105,116.42,2.6409,661.00,0.50150,35.618,2.8395,,0.78559,661.32,23.361,119.70,27.612,266.03,,10.529,,,
2017-01-01,2016-12-30,3.8717,70.445,135.72,512.29,1.8895,176.64,16.707,1.8868,1.9009,1.95583,2.1082,83.190,0.39740,1778.9,1.0541,1.5225,7.2793,,1.0541,71.598,11.262,2.0618,,2.1029,1229.1,707.39,3164.4,583.11,1.0541,110.02,187.33,48.868,116.42,19.123,16.384,23.597,2.2361,0.85221,2.8013,,4.5010,0.85221,45.195,9929.6,7.9337,218.41,24.762,70.580,,,1261.9,34157,119.04,135.82,0.74651,108.06,73.155,4255.4,491.62,137.19,0.32232,0.86437,351.74,8629.4,1595.9,157.81,89.071,14.443,1.5156,10.657,21.008,3549.7,61.538,1430.9,2621.5,8.4196,378.42,,37.958,16.180,766.82,,75.252,14.443,332.31,31.035,114.47,0.40584,1.0541,3.5381,3.3517,110.02,6079.5,3.8384,123.38,859.86,3.9548,8.2416,14.199,,6.8400,0.85221,,5818.6,609.80,7.8183,88.445,24442,,9.1991,543.43,14.443,8.3030,,3.6894,2.4491,2.2757,7.1300,34.075,2299.0,28.777,3791.1,30.647,3391.6,,10.528,,23992,119.83,2.6176,658.34,0.49408,35.349,2.8566,,0.78411,661.15,20.766,119.18,27.595,263.68,,10.454,,,
2017-02-01,2017-01-31,3.9502,71.875,135.95,522.69,1.9117,177.54,17.114,1.9251,2.0872,1.95583,2.1510,85.341,0.40543,1831.0,1.0755,1.5201,7.4516,,1.0755,72.989,11.297,2.0806,,2.1679,1332.5,693.62,3137.0,599.54,1.0755,111.26,191.14,50.403,117.68,20.274,16.724,24.419,2.2425,0.85731,2.9012,,4.6999,0.85731,46.940,9951.0,8.0385,222.84,25.408,72.756,,,1300.0,34745,123.85,138.58,0.76414,111.73,74.353,4339.6,492.06,139.23,0.32815,0.88192,347.69,8805.7,1628.5,161.78,90.880,14.385,1.5326,10.716,21.435,3463.6,61.373,1456.8,2646.3,8.5937,383.22,,38.344,16.584,778.54,,75.963,14.385,339.85,31.463,116.75,0.41406,1.0755,3.5372,3.4165,112.70,6208.3,3.9163,123.48,879.42,4.0339,8.3827,14.404,,6.8700,0.85745,,8023.2,622.18,8.0770,99.772,24798,,9.3861,552.54,14.385,8.4987,,3.7643,2.4682,2.3794,7.2539,33.757,2403.7,29.111,3858.4,30.305,3512.1,,10.742,,24300,117.29,2.7077,656.43,0.52317,36.300,2.8716,,0.79149,657.33,22.412,118.80,29.794,269.04,,10.674,,,
2017-03-01,2017-02-28,3.8919,70.791,135.12,515.86,1.8969,174.93,16.403,1.8969,1.8863,1.95583,2.1194,84.108,0.39951,1807.3,1.0597,1.4835,7.3447,,1.0597,70.671,11.027,1.9940,,2.1360,1388.2,687.80,3095.6,596.19,1.0597,110.71,188.33,50.044,116.68,16.749,16.478,24.225,2.1809,0.85205,2.6757,,4.9859,0.85205,47.130,9770.4,7.8206,219.57,24.953,70.728,,,1268.6,34300,113.23,135.46,0.75133,109.04,73.246,4243.0,492.11,137.61,0.32357,0.86896,335.05,8692.2,1602.7,160.54,96.32,13.830,1.5083,10.682,21.248,3155.8,61.507,1442.3,2616.1,8.4722,377.88,,37.651,16.330,767.65,,74.338,13.830,334.07,31.321,113.12,0.40798,1.0597,3.4560,3.3641,111.05,5801.9,3.8587,123.77,868.69,3.9742,8.2595,14.135,,6.7700,0.85205,,7762.7,613.04,7.9933,110.48,24541,,9.2482,545.13,13.830,8.4667,,3.7090,2.4350,2.3002,7.1265,32.511,2368.4,28.811,3804.3,29.912,3607.6,,10.584,,24133,114.48,2.6486,658.95,0.55756,38.101,2.8718,,0.78271,659.99,23.596,119.17,31.296,265.08,,10.067,,,
2017-04-01,2017-03-31,3.9267,71.419,136.10,517.02,1.9003,177.81,16.421,1.9137,1.8453,1.95583,2.1382,85.795,0.40304,1822.8,1.0691,1.4945,7.4083,,1.0691,69.331,11.218,2.0032,,2.1368,1447.6,710.82,3090.8,600.41,1.0691,110.70,190.00,50.301,117.58,19.431,16.620,24.546,2.2153,0.85775,2.5779,,4.5971,0.85775,47.979,9878.1,7.8445,221.52,25.130,73.309,,,1279.9,34630,120.87,136.99,0.75842,110.28,73.348,4281.7,492.47,138.87,0.32596,0.87667,335.32,8777.8,1616.5,162.55,98.26,14.290,1.5208,10.735,20.837,3447.8,61.607,1452.9,2613.9,8.5564,381.37,,37.632,16.453,775.34,,71.592,14.290,336.76,31.730,111.08,0.41160,1.0691,3.4775,3.3994,112.07,6035.1,3.8927,124.03,882.01,4.0093,8.3589,14.552,,7.1200,0.85775,,8075.1,618.47,8.0717,118.72,24521,,9.3293,550.17,14.290,8.7592,,3.7419,2.4487,2.3333,7.2012,32.445,2377.7,28.941,3864.2,30.560,3843.4,,10.680,,24324,116.79,2.6281,658.43,0.54671,37.447,2.8973,,0.78793,658.92,24.071,119.34,28.467,267.54,,10.328,,,
2017-05-01,2017-04-28,4.0145,73.847,135.22,529.12,1.9565,182.48,16.876,1.9565,1.8459,1.95583,2.1860,89.279,0.41208,1880.0,1.0930,1.5269,7.5526,,1.0930,70.221,11.385,2.0458,,2.1846,1530.2,726.62,3227.6,616.71,1.0930,112.42,194.25,51.469,119.55,19.732,16.993,25.286,2.2962,0.84558,2.6724,,4.7709,0.84558,49.456,9968.2,8.0214,226.47,25.655,74.618,,,1309.0,35479,115.87,140.61,0.77570,112.69,73.496,4409.2,492.33,142.18,0.33246,0.89627,343.77,8967.5,1653.2,166.55,99.53,14.529,1.5466,10.827,20.975,3481.2,61.640,1477.7,2642.6,8.7556,393.02,,38.036,16.778,793.86,,70.499,14.529,350.03,32.561,112.50,0.42078,1.0930,3.5477,3.4665,114.50,6101.1,3.9801,123.25,904.14,4.0989,8.5191,14.914,,7.2800,0.84558,,8241.9,632.30,8.2489,128.89,24849,,9.5638,563.35,14.529,9.2660,,3.8255,2.6782,2.4414,7.3598,33.020,2431.9,29.055,3986.4,30.724,4050.9,,11.014,,24846,119.71,2.7925,658.91,0.50615,37.247,2.9402,,0.79722,659.56,24.356,119.36,27.844,273.52,,10.222,,,
2017-06-01,2017-05-31,4.1215,76.594,133.98,540.85,1.9847,188.50,18.103,2.0086,1.8935,1.95583,2.2442,90.643,0.42318,1930.0,1.1221,1.5514,7.7537,,1.1221,72.384,11.544,2.0955,,2.2427,1593.4,754.90,3284.0,643.64,1.1221,115.41,199.42,53.019,121.62,20.348,17.441,26.033,2.3295,0.87214,2.7043,,4.8194,0.87214,51.779,10217,8.2504,232.50,26.338,74.521,,,1322.0,36396,111.17,145.58,0.79456,116.05,76.358,4565.8,491.97,145.81,0.34065,0.92013,350.53,9216.4,1696.1,171.46,102.08,14.763,1.5629,10.923,20.422,3495.3,61.521,1521.6,2691.9,9.0049,400.62,,39.060,17.280,814.74,,66.866,14.764,357.39,33.576,115.84,0.43203,1.1221,3.6830,3.5679,117.63,6289.4,4.0862,122.31,929.07,4.2081,8.7733,15.126,,7.4700,0.87208,,8336.8,649.13,8.4466,136.92,24170,,9.8184,577.67,14.764,9.8969,,3.9274,2.7598,2.5058,7.5726,33.802,2497.4,29.570,4041.2,31.699,4316.0,,11.260,,25486,122.65,2.8494,657.99,0.49713,36.320,2.9960,,0.81058,659.45,23.469,119.05,27.084,280.81,,10.405,,,
2017-07-01,2017-06-30,4.1916,77.699,132.52,548.80,2.0184,187.91,18.927,2.0427,1.9261,1.95583,2.2824,91.975,0.43047,1974.1,1.1412,1.5717,7.8857,,1.1412,73.700,11.693,2.2132,,2.2809,1701.5,757.91,3484.0,657.05,1.1412,110.26,204.02,53.933,123.03,20.680,17.741,26.596,2.3371,0.87954,2.7466,,5.0099,0.87954,52.558,10265,8.3709,236.46,26.754,70.679,,,1329.5,37047,116.80,146.47,0.80854,118.33,78.899,4662.9,491.97,148.24,0.34583,0.93579,367.67,9412.0,1720.9,175.23,102.61,14.955,1.5985,11.005,20.599,3452.1,61.583,1544.6,2683.8,9.1751,407.11,,39.349,17.552,827.37,,68.695,14.955,370.32,34.285,118.02,0.43956,1.1412,3.7033,3.6286,119.63,6353.6,4.2622,120.47,947.45,4.2797,8.9226,15.418,,7.5900,0.87954,,8373.6,660.18,8.5561,141.65,24484,,9.9855,587.20,14.955,10.054,,3.9942,2.7810,2.4739,7.7101,34.726,2555.1,29.717,4108.0,32.379,4517.5,,11.434,,25935,122.69,2.8523,658.11,0.46927,35.037,3.0470,,0.82019,660.38,23.844,119.15,26.071,285.44,,10.436,,,
2017-08-01,2017-07-31,4.3073,80.271,132.61,561.61,2.0742,197.39,20.722,2.0991,1.9916,1.95583,2.3454,95.355,0.44233,2035.8,1.1727,1.5919,8.1034,,1.1727,75.273,11.979,2.2767,,2.3439,1877.5,765.33,3529.7,670.81,1.1727,110.25,208.41,55.434,127.03,20.959,18.224,27.453,2.3591,0.89321,2.8086,,5.1423,0.89321,53.938,10554,8.5400,242.98,27.455,73.510,,,1381.6,38395,121.07,149.87,0.83156,121.84,80.506,4805.7,491.76,152.49,0.35418,0.96162,385.84,9698.8,1769.0,180.07,133.08,15.467,1.6123,11.097,21.226,3529.8,61.402,1589.0,2864.9,9.4347,418.28,,39.080,18.060,851.58,,71.658,15.467,375.85,35.378,120.37,0.45148,1.1727,3.8060,3.7193,123.58,6508.5,4.2921,119.92,975.72,4.3979,9.1403,15.726,,7.8100,0.89321,,8877.3,678.41,8.7460,147.21,24380,,10.261,604.04,15.467,10.319,,4.1045,2.8289,2.5026,7.9177,35.431,2611.1,30.247,4230.2,33.161,4773.3,,11.772,,26661,130.12,2.9384,659.76,0.46138,34.762,3.1780,,0.83303,659.29,24.571,119.02,25.686,293.56,,10.408,,,
2017-09-01,2017-08-31,4.3433,80.937,133.22,566.06,2.1167,197.37,20.582,2.1167,2.0043,1.95583,2.3650,95.422,0.44587,2056.5,1.1825,1.6074,8.1711,,1.1825,75.569,11.981,2.2879,,2.3635,1834.1,743.76,3483.8,679.54,1.1825,111.42,210.15,55.991,131.07,20.858,18.383,27.824,2.3966,0.91887,2.8794,,5.2450,0.91887,54.419,10607,8.6215,245.01,27.647,73.612,,,1393.1,39355,124.23,152.24,0.83839,121.58,81.281,4789.1,490.81,154.08,0.35691,0.96966,399.60,9825.4,1782.6,180.63,135.92,15.390,1.5963,11.108,20.989,3493.0,61.094,1607.0,2866.4,9.5304,420.64,,38.685,18.234,858.09,,72.617,15.390,420.37,35.821,120.95,0.45525,1.1825,3.8335,3.7719,124.44,6693.1,4.3516,118.74,999.21,4.4348,9.2455,16.002,,7.8900,0.91887,,8881.9,684.08,8.7954,109.70,24734,,10.347,610.3265,15.390,10.416,,4.1388,2.9137,2.5397,7.9609,35.674,2653.5,30.358,4257.3,34.030,4978.7,,11.858,,26876,123.49,2.9408,654.41,0.47506,35.675,3.1573,,0.83664,661.45,25.356,118.99,26.943,295.98,,10.855,,,
2017-10-01,2017-09-29,4.3361,80.696,133.88,563.74,2.0882,197.36,20.436,2.1133,2.0035,1.95583,2.3612,97.175,0.44535,2055.4,1.1806,1.6024,8.1579,,1.1806,77.070,12.134,2.3174,,2.3597,1847.6,754.30,3466.8,675.68,1.1806,110.86,211.24,56.073,133.49,20.828,18.350,27.862,2.3879,0.88322,2.9179,,5.1887,0.88322,54.479,10627,8.6707,244.62,27.615,74.478,,,1392.6,39927,125.79,152.95,0.83799,121.78,81.119,4793.9,491.01,153.54,0.35660,0.96810,402.21,9792.5,1783.3,180.75,139.05,15.952,1.6108,11.129,20.755,3576.8,61.497,1605.3,2909.4,9.4979,423.12,,40.045,18.303,857.74,,72.135,15.953,420.28,35.903,123.39,0.45453,1.1806,3.8547,3.7683,124.42,6695.8,4.3278,119.21,988.36,4.4275,8.9643,16.001,,7.89,0.88322,,8744.3,682.98,8.7774,149.76,24172,,10.330,608.6982,15.953,10.391,,4.1321,2.9168,2.5362,7.9986,35.801,2645.0,31.388,4247.7,34.134,9546.0,,11.866,,26835,123.69,2.8614,663.64,0.45612,34.974,3.1758,,0.83535,674.18,25.458,119.28,24.946,295.06,,11.452,,,
2017-11-01,2017-10-30,4.2651,79.368,133.42,559.23,2.0785,195.27,20.458,2.0785,1.9745,1.95583,2.3224,96.281,0.43802,2034.0,1.1612,1.5826,8.0239,,1.1612,75.307,12.236,2.2879,,2.3209,1830.1,739.52,3489.7,661.23,1.1612,110.52,207.40,55.546,133.86,20.502,17.859,31.692,2.3952,0.88103,3.0213,,5.1103,0.88103,55.105,10479,8.5277,240.60,27.308,74.439,,,1368.3,40575,122.20,147.24,0.82399,120.35,79.689,4690.6,491.73,151.24,0.35148,0.95219,387.31,9653.6,1753.4,178.36,138.68,16.332,1.6001,11.057,20.112,3636.9,61.519,1571.7,2849.9,9.3286,411.16,,39.945,17.894,842.56,,71.007,16.332,413.50,35.459,120.48,0.44706,1.1612,3.7734,3.7278,122.34,6557.9,4.4111,119.30,988.76,4.3546,9.0790,15.936,,7.77,0.88103,,8770.5,671.75,8.6486,151.26,24685,,10.161,599.5001,16.332,10.223,,4.0642,2.9220,2.5594,7.8699,35.065,2603.4,31.168,4237.7,33.919,9380.3,,11.907,,26386,123.88,2.9517,663.97,0.46436,35.233,3.1817,,0.82735,685.51,26.762,119.19,25.402,290.64,,11.577,,,
2017-12-01,2017-11-30,4.3521,81.355,133.04,574.56,2.0957,198.83,20.598,2.1210,2.0116,1.95583,2.3698,97.245,0.44713,2077.9,1.1849,1.5990,8.1877,,1.1849,76.383,12.228,2.3848,,2.3683,1866.2,764.31,3554.9,670.93,1.1849,110.83,210.49,56.881,136.05,20.958,18.520,32.442,2.4568,0.87764,3.2071,,5.4168,0.87764,56.158,10691,8.6988,245.51,27.939,76.458,,,1405.6,41740,121.74,149.00,0.84104,122.13,82.635,4782.2,491.51,153.87,0.35766,0.97163,392.31,9842.4,1789.8,182.00,149.88,16.072,1.6100,11.120,20.357,3801.1,61.215,1605.5,2895.4,9.5309,416.18,,39.835,18.247,860.25,,71.953,16.072,426.43,36.333,122.24,0.45619,1.1849,3.8286,3.8039,124.84,6724.3,4.4132,118.66,999.10,4.4436,9.2643,15.499,,7.9100,0.87764,,8953.2,689.25,8.8251,155.19,24411,,10.368,610.06,16.072,10.440,,4.1650,2.9695,2.6191,7.9809,35.559,2650.8,32.150,4305.3,34.303,9592.8,,11.834,,26917,126.87,2.9409,676.21,0.44587,34.745,3.1637,,0.83714,675.91,27.543,118.59,25.680,296.58,,11.997,,,
2018-01-01,2017-12-29,4.4053,83.531,132.95,580.46,2.1467,201.48,22.632,2.1467,2.0388,1.95583,2.3986,99.167,0.45229,2107.8,1.1993,1.6029,8.2872,,1.1993,76.602,11.804,2.3758,,2.3970,1912.9,737.41,3580.8,682.99,1.1993,112.49,214.31,58.040,137.70,21.318,18.060,33.101,2.4416,0.88719,3.1076,,5.4144,0.88719,57.165,10827,8.8086,242.98,28.282,76.843,,,1429.2,43224,124.81,149.40,0.85054,123.74,82.920,4843.6,492.01,155.79,0.36178,0.98344,399.19,9948.8,1815.7,184.09,151.70,14.775,1.6302,11.207,20.517,3892.7,61.492,1632.8,2910.9,9.6527,424.99,,40.266,18.481,870.51,,71.041,14.775,431.74,36.918,122.48,0.46161,1.1993,3.8886,3.8563,132.76,6704.7,4.3984,118.31,1013.4,4.4979,9.3186,16.739,,8.41,0.88719,,9195.6,693.16,8.9444,156.08,24820,,10.494,617.48,14.775,10.584,,4.1850,2.9873,2.6214,8.1115,35.659,2680.0,33.695,4367.8,34.510,9738.4,,11.978,,27222,126.31,3.0073,669.12,0.45532,34.926,3.2261,,0.84213,684.08,28.504,119.22,25.036,300.29,,11.948,,,
2018-02-01,2018-01-31,4.5755,86.428,133.53,599.18,2.2298,258.42,24.440,2.2298,2.1173,1.95583,2.4914,103.50,0.46964,2190.3,1.2457,1.6295,8.6078,,1.2457,79.211,11.898,2.4635,,2.4898,1994.4,751.17,3532.9,710.92,1.2457,114.07,222.68,60.728,141.22,21.978,18.770,34.263,2.4805,0.87905,3.1058,,5.5981,0.87905,60.099,11246,9.1590,258.73,29.387,79.829,,,1484.2,46005,,155.01,0.88395,127.25,85.193,5003.9,491.75,161.84,0.37334,1.0215,402.17,10316,1881.6,191.81,162.44,14.771,1.6559,11.385,20.760,4004.3,61.573,1654.0,3014.6,10.034,,44.175,40.273,19.184,903.76,,75.614,14.771,448.76,38.516,126.77,0.47958,1.2457,4.0042,4.0249,138.54,6997.1,4.5530,118.79,1055.8,4.6715,9.6791,16.835,,22.4150,0.87899,,9440.6,720.29,9.3029,163.58,,24.778,10.900,641.60,14.771,10.991,,4.3550,2.9696,2.6726,8.4122,36.301,2792.2,34.691,4514.8,35.328,10185,,12.395,,28284,128.17,3.0690,677.74,0.44583,34.683,3.3509,,0.85491,672.87,26.853,119.25,25.919,311.57,,12.172,,,
2018-03-01,2018-02-28,4.4862,84.762,132.12,587.62,2.1603,260.46,24.540,2.1863,2.0743,1.95583,2.4428,101.31,0.46048,2168.0,1.2214,1.6162,8.4675,,1.2214,79.605,11.666,2.3866,,2.4412,1972.6,725.39,3501.6,696.20,1.2214,110.72,216.25,59.971,139.78,21.536,18.405,33.470,2.4765,0.88514,3.0138,,5.4439,0.88514,57.662,11060,9.0200,251.12,28.812,78.466,,,1448.8,45553,,155.20,0.86658,123.79,83.160,4897.8,491.75,158.83,0.36677,1.0016,391.40,10140,1848.6,189.38,160.67,14.361,1.6135,11.302,20.384,3824.7,61.589,1632.7,2922.8,9.8458,,42.808,41.030,18.810,885.73,,75.562,14.361,440.01,37.906,127.31,0.47024,1.2214,3.9779,3.9592,135.29,6809.9,4.4606,117.93,1043.1,4.5806,9.3954,16.480,,22.1050,0.88514,,9266.4,706.64,9.1214,160.41,,24.381,10.687,629.43,14.361,10.772,,4.2700,2.9538,2.6205,8.2375,35.764,2741.5,32.734,4453.2,34.572,9980.8,,35376,,27798,129.37,3.0032,676.45,0.43289,34.699,3.2611,,0.84474,666.11,27.424,119.26,25.894,305.70,,11.916,,,
2018-04-01,2018-03-29,4.5255,85.667,131.18,591.31,2.1993,263.97,24.815,2.2055,2.0885,1.95583,2.4675,102.53,0.46458,2169.0,1.2321,1.6153,8.5138,,1.2321,80.305,11.790,2.4057,,2.4626,1980.6,743.09,3441.4,697.18,1.2321,110.84,218.08,60.835,140.56,21.757,18.575,34.004,2.5130,0.87681,2.9785,,5.4392,0.87681,58.395,11091,9.1165,254.31,29.127,79.626,,,1469.7,46488,,156.78,0.87479,124.24,84.015,4923.4,491.87,160.15,0.36927,1.0103,393.27,10228,1866.0,191.84,162.87,14.656,1.6317,11.337,20.299,3971.7,61.614,1632.5,2946.6,9.9604,,43.604,41.214,19.024,894.50,,75.842,14.656,443.56,38.386,128.61,0.47433,1.2321,3.9794,4.0068,142.40,6827.7,4.5076,118.43,1050.6,4.6205,9.4850,17.008,,22.37,0.87675,,9377.5,712.57,9.2313,164.26,,24.427,10.781,634.77,14.654,10.875,,4.3050,2.9961,2.6902,8.3902,35.942,2781.7,32.604,4547.9,34.999,9998.3,,60885,,28108,130.49,3.0303,682.17,0.42477,34.506,3.3390,,0.84758,668.71,25.162,119.33,24.323,308.41,,11.689,,,
2018-05-01,2018-04-30,4.4366,85.163,128.64,582.21,2.1375,273.09,24.809,2.1621,2.0488,1.95583,2.5118,101.64,0.45545,2149.5,1.2079,1.5868,8.3466,,1.2086,80.520,11.842,2.4210,,2.4158,1952.0,736.75,3401.9,685.82,1.2079,110.28,213.67,59.937,138.86,21.320,18.225,33.215,2.4849,0.87847,2.9588,,5.4009,0.87847,56.946,10888,8.9530,252.21,28.579,77.870,,,1434.3,50786,,151.25,0.85701,121.21,83.113,4875.0,491.64,157.21,0.36358,0.99049,395.58,10162,1828.2,190.69,162.34,15.023,1.6245,11.226,20.039,3907.5,61.557,1618.6,2900.2,9.7660,,42.953,41.294,18.795,885.40,,72.100,15.023,434.89,37.722,128.97,0.46474,1.2079,3.9179,3.9281,139.65,6728.6,4.4179,118.08,1041.8,4.5299,9.2915,16.253,,21.96,0.87854,,9258.9,699.29,9.1280,162.25,,24.563,10.569,623.15,15.023,10.737,,4.2250,2.9513,2.6795,8.2764,35.760,2742.1,31.665,4486.0,34.483,9823.7,,80753,,27492,127.94,2.9700,662.30,0.43446,35.003,3.2613,,0.83995,671.34,25.800,119.20,24.190,302.28,,12.019,,,
2018-06-01,2018-05-31,4.2970,83.661,126.00,565.06,2.0724,278.96,29.168,2.0941,1.9827,1.95583,2.3406,98.315,0.44196,2058.1,1.1699,1.5576,8.0840,,1.1699,78.863,11.664,2.3506,,2.3398,1889.4,738.77,3387.6,663.60,1.1699,111.00,208.27,58.012,136.47,20.930,17.640,32.229,2.4166,0.87995,2.8932,,5.4771,0.87995,55.512,10576,8.7528,244.51,27.961,76.031,,,1389.1,49304,,149.18,0.83016,118.63,80.082,4767.3,492.37,152.06,0.35359,0.95933,385.38,9779.4,1771.9,185.14,161.51,14.775,1.5911,11.121,19.882,3889.9,61.792,1578.8,2818.3,9.4567,,41.435,40.261,18.261,844.00,,69.855,14.775,423.28,36.851,126.33,0.45012,1.1699,3.8328,3.8170,135.45,6732.8,4.2690,118.56,1007.3,4.3875,8.9992,15.740,,21.14,0.87995,,8986.8,676.76,8.9087,161.68,,24.743,10.237,602.82,14.775,10.542,,4.0900,3.0165,2.6143,8.0318,35.053,2660.7,30.552,4416.4,36.384,9542.8,,93475,,26678,123.92,2.8766,671.09,0.45456,35.826,3.1587,,0.82582,664.40,27.176,119.70,25.044,292.77,,12.073,,,
2018-07-01,2018-06-29,4.2820,85.108,126.23,561.33,2.1177,291.42,33.709,2.0868,1.9823,1.95583,2.3324,97.671,0.44123,2067.6,1.1658,1.5819,8.0557,,1.1658,79.822,12.144,2.3192,,2.3316,1883.9,758.77,3426.2,661.66,1.1658,111.91,207.55,57.582,137.05,20.856,17.570,32.142,2.4435,0.88607,2.8542,,5.5564,0.88607,55.492,10522,8.7413,243.30,28.026,77.063,,,1391.1,49617,,151.99,0.82772,117.57,79.501,4746.7,492.37,151.50,0.35302,0.95597,397.86,9839.3,1767.4,184.55,177.26,16.120,1.5967,11.084,19.626,3938.7,61.726,1627.5,2870.7,9.4199,,41.670,40.287,18.074,840.64,,68.998,16.120,421.13,36.734,127.88,0.44882,1.1658,3.8196,3.8349,141.74,6652.6,4.2561,118.23,1021.7,4.3723,9.1149,15.618,,21.05,0.88607,,8956.2,674.22,8.7856,162.60,,24.628,10.201,600.38,16.120,10.676,,4.0750,3.0585,2.6508,8.0580,35.528,2647.7,30.701,4526.0,36.635,9521.6,,111777,,26741,127.28,2.9839,673.73,0.44420,34.500,3.1593,,0.82882,674.69,26.299,119.49,23.519,292.02,,11.643,,,
2018-08-01,2018-07-31,4.3106,85.626,125.87,565.09,2.1766,301.75,32.138,2.1007,1.9962,1.95583,2.3480,98.846,0.44371,2084.1,1.1736,1.5905,8.1096,,1.1736,80.447,11.988,2.3269,,2.3472,1908.3,750.17,3386.2,666.08,1.1736,111.55,208.86,58.287,138.04,20.959,17.700,32.275,2.4506,0.89424,2.8717,,5.6329,0.89424,56.769,10702,8.8032,245.52,28.069,78.268,,,1400.0,51725,,155.83,0.83267,117.89,79.996,4759.6,492.16,152.61,0.35513,0.96236,407.66,9885.6,1776.8,187.37,177.91,15.421,1.6102,11.081,19.423,3855.1,61.741,1688.8,2888.3,9.4728,,42.122,40.182,18.198,846.74,,68.216,15.421,424.39,37.226,128.95,0.45155,1.1736,3.8394,3.8733,143.96,6733.5,4.2861,118.38,1035.0,4.4014,9.1759,15.686,,21.13,0.89424,,9388.4,679.11,8.8282,166.32,,24.579,10.269,604.91,15.421,11.055,,4.1050,3.1512,2.6570,7.9143,35.942,2668.7,31.609,4341.1,35.860,9210.4,,202545,,27325,128.05,3.0131,673.28,0.42517,33.456,3.1805,,0.83538,667.39,25.592,119.60,22.815,293.69,,11.674,,,
2018-09-01,2018-08-31,4.2793,85.573,126.48,562.16,2.0681,322.43,44.530,2.0855,1.9800,1.95583,2.3283,97.568,0.43942,2073.0,1.1651,1.5892,8.0508,,1.1651,82.716,12.555,2.4281,,2.3302,1887.5,793.69,3547.1,671.85,1.1651,111.24,207.36,58.109,137.35,20.771,17.575,32.125,2.4606,0.89858,3.0016,,5.6432,0.89858,57.090,10543,8.8022,244.32,27.997,80.857,,,1389.3,48985,,160.38,0.82664,117.27,80.420,4767.8,492.52,151.70,0.35264,0.95539,422.87,9916.8,1765.4,188.16,182.95,17.079,1.6113,10.980,19.469,3891.8,61.671,1762.2,2875.8,9.4159,,42.435,39.984,18.130,840.89,,69.661,17.079,422.44,37.059,132.45,0.44858,1.1651,3.8515,3.8708,143.35,6825.7,4.2631,118.35,1031.3,4.3698,9.1095,15.886,,21.0650,0.89858,,9748.0,674.56,8.7738,172.84,,24.549,10.195,600.78,17.079,10.979,,4.0750,3.2069,2.6613,7.8614,35.791,2660.5,32.873,4389.5,37.661,9232.8,,,71.122,27146,127.40,3.0098,669.75,0.40208,33.190,3.1574,,0.83139,654.80,27.021,119.43,21.920,291.62,,11.899,,,
2018-10-01,2018-09-28,4.2519,87.860,126.21,557.96,2.0547,340.25,47.924,2.0721,1.9663,1.95583,2.3160,97.177,0.43647,2067.8,1.1576,1.5756,7.9990,,1.1576,83.914,12.276,2.4469,,2.3152,1876.5,764.28,3452.1,677.06,1.1576,110.44,206.06,57.860,136.90,20.745,17.460,32.233,2.4567,0.88991,3.0237,,5.7541,0.88991,56.954,10593,8.9125,241.01,27.848,81.190,,,1380.8,48628,,157.80,0.82201,116.74,80.192,4788.5,491.52,150.54,0.35116,0.94924,420.34,9845.3,1747.9,195.81,182.15,16.409,1.5967,10.921,19.563,3990.0,61.541,1800.1,2940.7,9.3583,,42.138,39.764,17.952,836.74,,70.012,16.409,419.97,37.390,134.48,0.44566,1.1576,3.8149,3.8716,142.59,6831.1,4.2345,118.27,1023.7,4.3412,9.0508,15.572,,20.92,0.88991,,9651.1,670.11,8.7069,172.95,,24.184,10.129,596.64,16.409,10.909,,4.0450,3.2424,2.6363,7.7988,35.345,2644.1,32.690,4424.3,38.550,9390.1,,,71.728,26989,127.72,3.0021,679.11,0.40447,32.986,3.1371,,0.82967,650.68,30.244,119.17,22.669,289.74,,14.296,,,
2018-11-01,2018-10-30,4.1769,85.191,124.71,553.02,2.0185,350.48,41.969,2.0356,1.9276,1.95583,2.2752,96.992,0.42867,2067.5,1.1372,1.5671,7.8581,,1.1372,83.786,12.321,2.4070,,2.2744,1843.4,788.26,3634.5,688.07,1.1372,110.64,202.48,56.861,135.58,20.368,17.115,31.822,2.4304,0.89255,3.0746,,5.5239,0.89255,56.633,10380,8.7990,237.33,27.409,81.638,,,1356.3,47683,,146.80,0.80684,115.86,79.156,4628.3,491.90,147.65,0.34555,0.93251,419.72,9713.9,1722.3,198.38,178.04,16.610,1.5685,10.852,19.497,4023.9,61.516,1804.2,2913.4,9.1888,,41.007,39.376,17.687,823.67,,69.028,16.610,413.74,36.617,134.04,0.43754,1.1372,3.8205,3.8161,152.02,6820.4,4.1608,118.33,995.22,4.2656,9.0831,15.476,,54.06,0.89255,,9576.6,657.30,8.5766,170.80,,24.552,9.9505,584.97,16.611,10.717,,3.9650,3.3053,2.6029,7.6613,35.228,2605.0,32.004,4276.0,37.314,9378.9,,,73.314,26539,127.13,2.9911,662.61,0.40904,34.642,3.0818,,0.82277,655.58,30.396,119.27,23.638,284.64,,13.277,,,
2018-12-01,2018-11-30,4.1720,86.312,124.11,550.34,2.0005,352.87,42.879,2.0333,1.9261,1.95583,2.2695,96.711,0.42819,2068.9,1.1359,1.5504,7.8491,,1.1359,79.040,11.944,2.4249,,2.2718,1845.8,762.54,3676.3,682.61,1.1359,110.37,202.19,56.873,134.79,20.344,17.110,31.874,2.3843,0.89132,3.0556,,5.5264,0.89132,56.795,10428,8.7427,237.40,27.607,84.211,,,1348.9,47699,,143.74,0.80547,116.45,79.340,4589.0,492.90,147.65,0.34555,0.93145,423.84,9706.2,1716.3,203.10,179.34,15.633,1.5903,10.803,19.537,4165.4,61.606,1807.8,2972.1,9.1456,,41.497,39.034,17.612,826.59,,69.667,15.633,413.47,36.780,126.76,0.43734,1.1359,3.8415,3.8246,157.78,6755.8,4.1494,118.43,993.91,4.2622,9.0151,15.331,,54.07,0.89139,,9528.8,659.96,8.5255,172.17,,24.431,9.9391,585.43,15.635,10.701,,3.9650,3.3399,2.5543,7.6534,35.008,2593.6,32.036,4232.4,36.550,9440.8,,,97.418,26489,125.20,2.9412,661.80,0.39849,34.477,3.0669,,0.82119,655.09,33.548,119.42,22.732,284.31,,13.602,,,
2019-01-01,2018-12-31,4.2052,86.752,123.51,554.75,2.0325,353.61,43.130,2.0496,1.9457,1.95583,2.2816,95.710,0.43161,2069.9,1.1450,1.5692,7.9120,,1.1450,79.884,12.259,2.4679,,2.2900,1866.4,794.63,3726.1,694.41,1.1450,111.03,203.77,57.966,135.47,20.519,17.245,32.258,2.4403,0.89439,3.0629,,5.6792,0.89439,56.391,10487,8.8487,239.76,27.868,88.741,,,1365.9,48027,,147.19,0.81249,116.54,79.992,4608.8,492.16,148.72,0.34752,0.93891,436.11,9782.8,1727.6,209.42,180.37,16.477,1.5917,10.959,19.625,4048.5,61.620,1755.9,3018.8,9.2380,,41.785,39.270,17.846,829.52,,70.503,16.476,416.88,37.202,128.12,0.44083,1.1450,3.8620,3.8552,160.07,6821.5,4.1842,118.44,1031.5,4.2954,9.1527,15.429,,54.47,0.89439,,9599.5,662.96,8.6190,175.59,,24.557,10.019,589.30,16.476,10.797,,4.0000,3.4340,2.5852,7.7986,34.979,2633.5,31.744,4247.0,37.115,9622.0,,,644.95,26535,126.56,2.9872,664.41,0.43301,35.980,3.1030,,0.82352,655.86,35.413,119.39,22.149,286.59,,13.597,,,
2019-02-01,2019-01-31,4.2195,86.824,124.74,559.12,2.0621,359.58,42.541,2.0564,1.9522,1.95583,2.2984,96.341,0.43311,2092.9,1.1488,1.5640,7.9095,,1.1488,81.662,11.819,2.4648,,2.2976,1881.6,756.23,3577.4,701.95,1.1488,112.02,204.46,57.890,135.67,20.281,17.680,32.678,2.4160,0.87628,3.0502,,5.6943,0.87628,57.433,10590,8.9155,240.21,27.958,89.841,,,1370.4,48250,,153.42,0.81519,115.73,80.566,4616.7,491.69,149.36,0.34801,0.94203,437.37,9833.2,1734.2,204.95,184.45,15.265,1.5905,10.932,19.610,4030.9,61.626,1740.4,3017.8,9.2766,,41.993,39.323,17.806,832.57,,71.340,15.265,415.89,37.372,130.71,0.44229,1.1488,3.8314,3.8680,159.73,6952.5,4.1963,118.58,1017.8,4.3087,9.1320,15.662,,54.70,0.87628,,9866.0,668.60,8.6503,177.81,,24.486,10.052,592.18,15.265,10.843,,4.0150,3.4705,2.5822,7.8055,35.290,2663.2,31.709,4222.9,37.261,9748.1,,,3785.3,26653,127.10,2.9685,683.08,0.45207,37.027,3.1132,,0.82016,657.28,38.560,119.36,23.053,287.54,,13.719,,,
2019-03-01,2019-02-28,4.1931,86.082,126.07,558.93,2.0721,360.39,44.446,2.0435,1.9391,1.95583,2.2783,95.708,0.43039,2090.3,1.1416,1.5493,7.8599,,1.1416,80.764,12.030,2.4404,,2.2832,1869.7,745.18,3507.7,694.41,1.1416,111.12,203.19,57.738,135.21,20.028,17.470,32.603,2.4176,0.85815,3.0561,,6.3359,0.85815,57.080,10537,8.7992,238.48,27.887,94.917,,,1361.6,47821,,153.52,0.80917,114.15,80.174,4395.2,493.24,147.99,0.34637,0.93612,427.28,9783.5,1728.1,205.51,184.43,15.993,1.5801,10.903,19.578,4047.6,61.749,1705.0,3001.9,9.2298,,41.798,38.891,17.638,827.54,,71.430,15.993,412.20,37.330,129.98,0.43923,1.1416,3.7701,3.8503,159.64,6957.4,4.1729,118.48,1010.3,4.2815,9.0819,15.691,,54.21,0.85802,,9799.6,662.38,8.5712,176.59,,24.488,9.9890,586.90,15.994,10.775,,3.9800,3.4515,2.5758,7.7488,35.165,2670.8,30.713,4227.9,37.302,9743.8,,,3760.7,26484,126.71,2.9691,660.55,0.44203,37.139,3.0937,,0.81661,656.71,43.738,119.57,24.598,285.17,,13.738,,,
2019-04-01,2019-03-29,4.1263,85.426,125.58,547.14,2.0721,357.52,48.679,2.0111,1.9101,1.95583,2.2424,94.404,0.42356,2062.4,1.1235,1.5340,7.7634,,1.1235,77.703,12.068,2.3891,,2.2470,1841.2,764.62,3564.3,675.43,1.1235,110.83,200.01,56.948,134.13,19.468,16.935,32.413,2.3914,0.86456,3.0222,,6.1926,0.86456,55.860,10363,8.6279,235.37,27.638,94.554,,,1340.0,47179,,141.31,0.79578,113.25,79.794,4525.6,491.99,145.98,0.34163,0.92128,426.55,9655.9,1694.4,197.14,182.59,16.265,1.5604,10.860,19.498,4028.7,61.628,1715.6,2957.1,9.0843,,40.992,39.246,17.424,816.41,,71.230,16.265,405.15,36.896,124.60,0.43255,1.1235,3.7297,3.7892,158.18,6943.8,4.1112,118.03,1017.6,4.2135,9.1045,15.348,,53.50,0.86456,,9786.6,649.94,8.4778,174.98,,24.416,9.8306,578.81,16.265,10.604,,3.9250,3.3840,2.5442,7.6095,34.633,2595.7,30.683,4173.4,37.663,9424.7,,,3696.7,26053,125.74,2.8793,674.97,0.43377,37.048,3.0447,,0.80929,655.12,39.611,119.36,24.246,281.21,,13.619,,,
2019-05-01,2019-04-30,4.1204,87.068,123.23,539.00,1.9996,358.31,49.149,2.0080,1.9022,1.95583,2.2402,94.652,0.42288,2058.5,1.1218,1.5337,7.7516,,1.1218,78.039,12.011,2.3591,,2.2436,1839.9,762.29,3622.7,668.60,1.1218,110.92,199.72,56.876,134.01,19.288,16.865,32.459,2.4001,0.86107,3.0345,,5.7773,0.86107,56.202,10354,8.5842,234.46,27.510,96.127,,,1326.3,46985,,151.22,0.79480,113.53,80.492,4543.3,491.88,145.44,0.34133,0.91989,427.85,9746.2,1694.9,197.66,192.49,16.082,1.5666,10.823,20.047,4093.4,61.514,1699.0,2968.9,9.0630,,41.402,39.373,17.265,820.28,,72.395,16.082,404.50,37.042,125.66,0.43161,1.1218,3.7134,3.7899,158.90,7049.7,4.1037,117.94,1015.2,4.2072,8.9032,15.527,,50.48,0.86107,,10037,652.89,8.4684,175.97,,24.406,9.8158,576.59,16.082,10.589,,3.9100,3.3689,2.5513,7.6014,34.678,2585.7,29.666,4197.2,38.915,9474.6,,,5829.3,26116,125.55,2.8749,657.40,0.42712,36.739,3.0289,,0.80952,659.15,39.236,119.25,25.423,280.84,,14.268,,,
2019-06-01,2019-05-31,4.0955,89.385,122.65,534.69,1.9877,369.32,49.925,1.9960,1.8958,1.95583,2.2256,94.088,0.42042,2044.8,1.1151,1.5416,7.7053,,1.1151,77.721,12.107,2.3412,,2.2302,1831.7,792.61,3771.2,654.75,1.1151,110.83,198.18,56.202,133.47,18.707,16.805,32.127,2.4105,0.88542,3.1000,,6.0669,0.88542,55.790,10227,8.6116,232.72,27.402,103.59,,,1330.0,46822,,147.71,0.79038,112.93,80.624,4557.5,491.73,144.91,0.33940,0.91439,427.36,9709.7,1687.0,196.67,213.38,16.326,1.5646,10.834,20.339,4101.2,61.612,1702.8,2961.9,9.0111,,41.307,39.764,17.184,830.90,,69.359,16.327,401.41,36.754,124.65,0.42934,1.1151,3.7605,3.7736,163.95,6993.5,4.0775,117.85,1013.1,4.1818,8.8500,15.255,,50.29,0.88542,,9809.4,645.64,8.4860,176.17,,24.417,9.7571,574.40,16.327,10.526,,3.8950,3.3474,2.5605,7.5532,35.238,2557.6,29.952,4200.7,39.240,9459.7,,,6382.5,26110,124.80,2.8578,657.06,0.41880,37.380,3.0219,,0.80944,656.08,39.045,119.16,22.873,278.61,,14.725,,,
2019-07-01,2019-06-28,4.1799,92.678,122.63,542.83,2.0237,387.10,48.291,2.0370,1.9347,1.95583,2.2760,96.189,0.42903,2099.6,1.1380,1.5401,7.8636,,1.1380,78.553,12.081,2.3206,,2.2760,1871.9,773.66,3637.5,662.61,1.1380,110.75,202.57,58.003,135.09,18.991,17.165,32.985,2.4295,0.89515,3.2493,,6.2220,0.89515,56.559,10504,8.7720,235.79,27.987,106.69,,,1345.4,47804,,147.92,0.80684,116.53,81.996,4631.7,491.73,147.97,0.34522,0.93317,433.15,9860.8,1715.0,200.77,222.54,16.082,1.5905,10.894,20.564,4150.9,61.565,1725.2,3022.5,9.1632,,41.160,40.574,17.525,875.92,,70.698,16.082,410.27,38.032,125.58,0.43815,1.1380,3.7513,3.8524,181.53,7033.0,4.1635,117.88,1035.6,4.2677,9.0317,15.521,,51.35,0.89515,,10035,658.33,8.4386,180.53,,24.255,9.9575,586.57,16.082,10.742,,3.9750,3.2720,2.5893,7.6025,35.265,2612.0,29.772,4205.4,40.029,9738.3,,,7463.3,26517,127.36,2.9165,656.43,0.43131,39.815,3.0726,,0.81858,655.84,43.428,119.23,23.264,284.84,,14.618,,,
2019-08-01,2019-07-31,4.0957,88.023,121.79,530.68,1.9699,388.67,48.846,1.9960,1.8936,1.95583,2.2302,94.254,0.42037,2058.5,1.1151,1.5261,7.7053,,1.1151,76.716,11.952,2.2681,,2.2302,1835.3,782.21,3671.6,635.79,1.1151,110.73,198.48,56.970,133.44,18.437,16.805,32.374,2.4142,0.91237,3.3007,,6.0522,0.91237,56.034,10292,8.5658,231.05,27.431,105.66,,,1318.4,46809,,150.99,0.79016,116.23,77.720,4553.0,492.39,144.89,0.33953,0.91439,428.53,9690.2,1681.0,196.69,225.45,15.851,1.5660,10.725,19.849,4094.6,61.600,1679.9,2972.9,8.9866,,41.405,40.509,17.128,824.83,,68.476,15.851,403.90,37.412,122.88,0.42903,1.1151,3.6869,3.7749,178.84,6685.0,4.0813,117.88,1021.4,4.1826,9.1402,15.280,,50.29,0.91245,,10110,646.76,8.3309,176.02,,24.246,9.7571,574.35,15.851,10.526,,3.8950,3.2114,2.5412,7.5477,34.676,2558.2,27.916,4122.2,38.304,9635.0,,,11951,25876,126.11,2.9376,658.36,0.47257,41.162,3.0108,,0.81073,657.79,44.191,119.41,25.164,278.05,,14.362,,,
2019-09-01,2019-08-30,4.0535,86.029,121.99,526.09,1.9496,397.37,64.810,1.9754,1.8762,1.95583,2.2072,93.282,0.41609,2048.3,1.1036,1.5305,7.6259,,1.1036,78.804,12.235,2.3018,,2.2072,1824.7,793.87,3767.9,627.04,1.1036,110.56,196.13,56.690,132.53,18.269,16.635,32.386,2.4282,0.90378,3.2543,,6.0685,0.90378,56.035,10192,8.4767,228.67,27.212,105.23,,,1304.8,46364,,150.11,0.78080,114.37,77.591,4513.7,491.52,143.49,0.33554,0.90496,427.98,9651.0,1663.7,198.04,227.21,16.823,1.5450,10.621,19.600,4088.8,61.517,1679.7,2948.3,8.9192,,40.537,40.088,16.852,802.23,,67.546,16.823,400.34,37.158,126.79,0.42489,1.1036,3.7469,3.7537,174.76,6898.4,4.0419,117.67,1015.3,4.1393,9.1131,15.140,,49.80,0.90378,,10619,640.09,8.2306,174.66,,24.246,9.6565,568.84,16.823,10.688,,3.8550,3.1682,2.5671,7.3400,34.575,2531.5,27.802,4075.9,40.392,10340,,,22608,25599,129.19,2.9469,656.32,0.53508,44.520,2.9687,,0.80652,656.18,44.951,119.13,27.296,276.29,,14.430,,,
2019-10-01,2019-09-30,3.9994,85.234,121.90,518.10,1.9237,403.03,62.700,1.9491,1.8512,1.95583,2.1778,92.039,0.41052,2016.6,1.0889,1.5042,7.5243,,1.0889,77.169,12.072,2.2616,,2.1778,1800.9,792.89,3771.3,632.94,1.0889,110.36,193.52,57.064,131.40,17.728,16.425,32.118,2.3974,0.88421,3.2435,,5.9427,0.88421,55.534,10086,8.4232,225.62,26.909,104.44,,,1287.4,45809,,146.13,0.77203,113.09,76.395,4472.4,491.54,141.79,0.33136,0.89291,422.85,9627.6,1650.2,198.29,227.61,16.502,1.5456,10.617,19.295,4081.2,61.477,1668.2,2897.5,8.7945,,40.616,39.471,16.769,796.15,,67.439,16.502,393.95,36.616,122.88,0.41923,1.0889,3.6830,3.7509,170.69,6935.4,3.9859,117.36,1007.8,4.0852,8.9992,14.918,,49.12,0.88421,,10275,631.02,8.1210,172.82,,24.208,9.5279,475.98,16.502,10.549,,3.8050,3.1303,2.5183,7.3745,33.801,2497.8,26.526,4006.9,40.167,10267,,,22869,25266,127.55,2.8483,656.77,0.50639,43.854,2.9291,,0.79872,656.02,49.479,119.09,26.627,271.52,,14.314,,,
2019-11-01,2019-10-30,4.0791,86.817,123.19,528.92,1.9620,549.76,66.136,1.9880,1.8881,1.95583,2.2452,94.151,0.41871,2076.8,1.1106,1.5153,7.6742,,1.1106,78.736,12.151,2.2806,,2.2212,1837.8,819.35,3762.7,644.56,1.1106,110.41,197.66,58.867,132.98,17.949,17.020,32.956,2.4281,0.86300,3.2943,,6.1247,0.86300,57.441,10262,8.5743,230.12,27.440,107.91,,,1313.7,46654,,153.26,0.78653,114.63,79.214,4495.7,492.27,144.40,0.33729,0.91070,431.39,9828.8,1681.2,201.51,234.87,16.658,1.5592,10.707,19.519,4078.1,61.468,1698.1,2962.0,8.9677,,41.317,40.729,17.092,811.96,,69.658,16.658,401.76,37.494,125.89,0.42757,1.1106,3.7211,3.7776,172.69,7166.8,4.0681,117.45,1022.3,4.1652,9.1709,15.264,,50.145,0.86300,,10624,644.15,8.2810,176.24,,24.235,9.7178,484.99,16.658,10.769,,3.8800,3.1561,2.5608,7.5232,33.803,2550.0,27.676,4123.1,41.661,10492,,,24025,25768,128.85,2.9648,656.93,0.51624,43.222,2.9986,,0.80674,655.95,52.035,119.15,26.545,278.04,,14.743,,,
2019-12-01,2019-11-29,4.0337,86.635,122.41,524.94,1.9401,535.76,65.745,1.9658,1.8666,1.95583,2.1964,93.210,0.41405,2054.7,1.0982,1.5015,7.5886,,1.0982,78.784,11.911,2.3158,,2.1964,1823.7,880.60,3858.0,617.90,1.0982,111.04,195.49,58.046,132.06,17.707,16.585,33.599,2.3973,0.85079,3.2586,,6.1513,0.85079,56.173,10356,8.4589,227.55,27.166,106.96,,,1299.0,46187,,149.35,0.77873,112.64,79.859,4451.0,491.22,142.94,0.33397,0.90053,424.38,9731.2,1659.1,198.65,210.80,16.080,1.5455,10.623,19.240,4044.1,61.419,1655.5,2961.9,8.8547,,41.747,40.474,16.890,804.58,,70.373,16.080,397.53,37.317,126.02,0.42282,1.0982,3.7270,3.7354,170.45,7083.8,4.0242,117.38,1026.8,4.1181,9.0536,15.045,,49.610,0.85079,,10633,635.31,8.1691,174.64,,24.193,9.6093,480.06,16.080,10.645,,3.8450,3.1350,2.5327,7.4178,33.504,2518.7,26.354,4060.3,41.685,10430,,,41903,25475,127.75,2.9309,658.00,0.49609,42.722,2.9651,,0.80016,655.40,53.775,119.05,26.356,274.93,,16.061,,,
2020-01-01,2019-12-31,4.1262,87.017,122.00,538.11,1.9846,541.71,67.260,2.0109,1.9107,1.95583,2.2468,95.349,0.42358,2117.6,1.1234,1.5112,7.7627,,1.1234,80.188,11.900,2.3676,,2.2468,1873.4,846.08,3693.2,641.83,1.1234,110.82,199.65,59.642,133.83,18.020,16.915,35.893,2.4206,0.84997,3.2157,,6.4155,0.84997,57.574,10585,8.6489,232.77,27.669,108.18,,,1336.8,47103,,148.81,0.79728,113.86,78.406,4572.2,493.00,145.81,0.34045,0.92120,429.86,9981.4,1700.8,203.74,210.91,15.735,1.5621,10.743,19.322,4080.2,61.606,1659.3,3053.1,9.0115,,42.271,40.841,17.278,823.18,,69.106,15.735,408.47,38.319,128.12,0.43249,1.1234,3.7229,3.8276,173.99,7262.8,4.1100,117.92,1050.4,4.2145,9.1333,15.391,,50.615,0.84997,,10936,652.70,8.3975,178.40,,24.570,9.8298,489.75,15.735,10.883,,3.9200,3.1374,2.5631,7.5986,33.692,2582.7,26.917,4117.0,41.959,10678,,,51471,26033,128.48,2.9316,658.01,0.51256,43.519,3.0332,,0.81112,657.24,55.093,119.37,27.955,281.24,,15.842,,,
2020-02-01,2020-01-31,4.0594,84.470,121.93,528.63,1.8155,544.74,66.683,1.9783,1.8765,1.95583,2.2284,93.804,0.41664,2088.8,1.1052,1.5089,7.6399,,1.1052,78.862,12.105,2.3646,,2.2104,1861.0,883.00,3782.4,626.25,1.1052,110.82,196.74,59.084,132.55,17.461,16.998,35.532,2.4216,0.84039,3.1843,,6.0774,0.84039,56.619,10389,8.4703,230.77,27.266,110.26,,,1307.3,46355,,154.83,0.78337,110.96,77.600,4487.1,492.42,143.48,0.33588,0.91240,419.16,9825.2,1668.3,200.42,217.03,16.503,1.5510,10.621,19.253,4017.4,61.564,1616.9,3029.1,8.8486,,41.430,40.647,16.965,809.97,,70.600,16.503,401.33,37.743,126.32,0.42551,1.1052,3.7304,3.8137,170.69,7226.2,4.0511,117.47,1035.5,4.1465,9.0813,14.966,,53.99,0.84039,,10742,638.89,8.2499,176.22,,24.742,9.6705,481.81,16.503,10.712,,3.8682,3.1206,2.5507,7.4452,33.422,2540.5,27.669,4065.9,41.489,10550,,,82775,25666,128.88,2.9480,656.28,0.52159,46.067,2.9840,,0.80264,656.28,66.955,119.12,27.924,276.63,,16.108,,,
2020-03-01,2020-02-28,4.0319,83.297,122.95,525.80,1.9677,537.15,68.286,1.9649,1.8707,1.95583,2.2186,93.222,0.41388,2074.7,1.0977,1.5325,7.5613,,1.0977,79.226,12.306,2.4541,,2.1954,1855.7,897.73,3888.1,624.54,1.0977,110.44,195.40,58.908,132.06,17.165,16.883,35.467,2.4345,0.85591,3.0531,,6.0419,0.85591,56.838,10459,8.4291,229.31,27.115,98.089,,,1290.6,46145,,150.87,0.77827,111.09,76.856,4473.1,492.81,142.83,0.33569,0.90012,418.88,9780.5,1661.9,199.73,217.72,17.181,1.5478,10.577,19.374,4076.3,61.726,1571.4,3025.8,8.8153,,41.074,41.678,16.839,804.54,,71.676,17.181,401.42,37.508,126.24,0.42268,1.0977,3.7901,3.7400,169.43,7144.5,4.0244,117.73,1023.8,4.1182,9.0420,14.321,,60.03,0.85591,,10703,635.29,8.0744,175.62,,24.610,9.6049,479.67,17.181,10.626,,3.8420,3.1374,2.5433,7.4306,33.246,2521.4,26.937,4073.8,42.937,10457,,,80693,25511,130.53,2.9580,657.95,0.48925,47.031,2.9528,,0.79933,657.67,75.777,119.43,25.186,274.75,,16.645,,,
2020-04-01,2020-03-31,4.0241,84.005,128.83,551.50,1.9640,580.96,70.632,1.9611,1.8625,1.95583,2.2149,93.058,0.41523,2077.3,1.0956,1.5624,7.5623,,1.0956,82.857,13.043,2.8312,,2.1912,1870.2,935.80,4437.5,636.74,1.0956,111.03,195.03,59.122,136.90,17.256,16.850,36.172,2.5008,0.88383,3.5936,,6.4202,0.88383,55.799,10337,8.4193,228.98,27.346,104.22,,,1296.0,45898,,147.98,0.77700,115.04,88.560,4453.6,489.40,142.10,0.34323,0.89840,491.10,9805.6,1658.7,207.34,218.59,19.512,1.5503,11.118,20.006,4143.0,61.659,1523.9,3032.1,8.7504,,41.201,42.999,16.774,803.00,,73.082,19.512,423.46,37.250,132.55,0.42196,1.0956,3.7685,3.8015,181.78,7186.8,4.0252,117.59,1035.3,4.1246,8.9951,15.121,,60.245,0.88383,,10678,634.90,8.1856,174.78,,24.745,9.5865,562.35,19.512,11.175,,3.8346,3.1553,2.5646,7.3972,33.147,2521.5,30.222,4155.1,47.761,10469,,,87834,25897,134.08,3.0383,656.52,0.41231,47.213,2.9581,,0.80275,655.61,68.074,119.36,21.384,274.17,,19.913,,,
2020-05-01,2020-04-30,3.9948,83.093,123.73,521.52,1.9505,606.36,72.695,1.9468,1.8471,1.95583,2.1781,92.392,0.41125,2068.6,1.0876,1.5349,7.5138,,1.0876,81.680,13.135,2.6291,,2.1752,1884.0,913.31,4261.9,616.79,1.0876,110.55,193.59,60.499,139.48,17.131,16.727,36.489,2.4288,0.86973,3.4871,,6.3092,0.86973,56.184,10278,8.3880,227.74,27.125,114.45,,,1286.5,45675,,153.72,0.77176,116.68,87.163,4459.2,492.52,141.35,0.33638,0.89184,463.11,9766.6,1646.6,207.42,216.71,19.885,1.5388,10.777,19.577,4063.0,61.760,1535.5,3021.6,8.6826,,41.507,43.351,16.760,796.99,,73.758,19.885,422.90,37.522,132.38,0.41877,1.0876,3.6695,3.7869,174.65,7069.4,3.9822,117.83,1019.6,4.0861,9.0709,17.145,,59.965,0.86973,,10562,629.18,8.1988,174.92,,24.568,9.5165,559.54,19.885,11.141,,3.8066,3.1594,2.4997,7.3336,32.341,2516.7,29.316,4135.6,45.979,11017,,,191790,25476,129.76,2.9643,657.25,0.44571,50.303,2.9365,,0.79596,657.24,58.280,119.48,22.884,272.20,,20.066,,,
2020-06-01,2020-05-29,4.0903,85.291,124.43,538.68,1.9971,648.02,76.321,1.9933,1.8981,1.95583,2.2513,94.572,0.42013,2108.6,1.1136,1.5745,7.6933,,1.1136,84.206,13.210,2.6809,,2.2272,2037.9,899.00,4134.9,634.71,1.1136,112.38,198.11,64.606,143.09,17.642,17.127,38.075,2.4692,0.90163,3.5120,,6.4328,0.90163,57.690,10657,8.5630,232.85,27.648,118.77,,,1317.2,46725,,160.27,0.79043,118.93,82.379,4594.2,494.83,144.63,0.34337,0.91316,458.66,10014,1682.6,207.17,222.25,19.519,1.5755,10.892,19.460,4203.2,61.733,1559.9,3124.7,8.8925,,43.500,44.778,17.138,816.58,,77.134,19.519,432.76,37.550,134.97,0.42874,1.1136,3.8282,3.8828,180.97,7388.4,4.0769,117.83,1056.3,4.1825,9.2262,19.384,,61.340,0.90163,,10857,643.66,8.5238,179.99,,25.006,9.7440,572.48,19.519,11.435,,3.8976,3.1960,2.5500,7.5215,33.428,2577.1,29.909,4209.4,48.167,11290,,,219344,25927,131.67,3.0122,656.95,0.51270,49.930,3.0067,,0.81165,656.54,55.367,119.50,24.190,278.07,,20.392,,,
2020-07-01,2020-06-30,4.1130,86.141,124.11,538.51,2.0082,648.87,78.896,2.0044,1.9037,1.95583,2.2638,95.099,0.42223,2143.3,1.1198,1.5638,7.7361,,1.1198,84.553,13.221,2.7045,,2.2396,2157.0,921.32,4228.4,649.73,1.1198,110.47,199.32,65.242,144.66,18.096,17.223,39.025,2.4397,0.91004,3.4207,,6.4780,0.91004,57.782,10770,8.6228,234.15,27.711,124.77,,,1332.6,47090,,156.55,0.79439,119.33,85.122,4583.3,489.02,145.69,0.34472,0.91825,454.50,10117,1699.3,208.53,224.29,19.460,1.5677,10.886,19.193,4295.9,61.573,1534.6,3153.7,8.9390,,44.301,44.960,17.234,821.42,,78.509,19.460,433.58,38.555,135.43,0.43111,1.1198,3.9552,3.9250,188.00,7601.3,4.1051,117.51,1066.6,4.2004,9.1862,19.709,,61.805,0.91004,,10895,647.80,8.7047,182.15,,25.007,9.7983,576.75,19.460,11.543,,3.9193,3.1984,2.5595,7.5609,33.105,2592.3,29.909,4175.7,47.163,11397,,,227751,25975,129.70,2.9798,655.63,0.51448,50.803,3.0235,,0.81399,655.65,54.486,119.15,23.377,279.66,,20.313,,,
2020-08-01,2020-07-31,4.3518,90.907,124.37,575.97,2.1248,684.15,85.676,2.1208,2.0142,1.95583,2.3952,100.50,0.44666,2284.3,1.1848,1.6267,8.1892,,1.1848,88.641,13.697,2.8930,,2.3696,2336.3,897.14,4423.8,691.44,1.1848,111.70,210.86,69.339,152.04,18.918,18.222,41.249,2.5096,0.89996,3.6435,,6.8258,0.89996,61.953,11432,9.1245,247.86,29.279,131.53,,,1413.3,49711,,174.32,0.84085,127.66,91.869,4861.8,495.19,153.87,0.36192,0.97155,499.49,10735,1792.6,219.90,236.84,20.077,1.6286,11.030,19.656,4547.3,61.759,1615.7,3356.1,9.4560,,47.204,46.854,18.258,875.19,,83.853,20.077,460.60,41.196,141.88,0.45585,1.1848,4.1640,4.1689,198.07,8205.3,4.3408,117.76,1132.9,4.4438,9.6482,20.846,,65.255,0.89996,,11559,686.00,9.2892,192.67,,25.769,10.367,1488.5,20.077,12.216,,4.1468,3.2369,2.6836,8.0133,34.805,2754.7,32.841,4366.3,50.331,12093,,,305688,27448,134.39,3.0766,656.95,0.65218,53.423,3.1990,,0.83846,656.94,56.927,119.41,24.656,295.85,,21.639,,,
2020-09-01,2020-08-31,4.3856,91.580,124.31,582.40,2.1413,716.13,88.565,2.1373,2.0316,1.95583,2.4116,101.28,0.45014,2303.8,1.1940,1.6238,8.2460,,1.1940,87.902,13.693,3.1695,,2.3880,2322.7,926.28,4488.8,709.93,1.1940,111.87,212.53,69.634,152.72,18.946,18.364,43.049,2.5052,0.89599,3.6706,,6.8944,0.89599,62.207,11532,9.2163,249.90,29.436,133.98,,,1412.3,50140,,178.29,0.84655,129.20,93.724,4901.4,493.24,155.19,0.36467,0.97909,501.50,10887,1804.1,222.13,239.45,20.105,1.6247,10.914,19.880,4574.3,61.745,1585.0,3422.0,9.5330,,47.774,47.466,18.352,889.31,,85.417,20.106,460.04,41.620,140.20,0.45940,1.1940,4.2268,4.2146,197.60,8313.1,4.3884,117.92,1154.0,4.4783,9.6446,21.361,,65.830,0.89593,,11670,690.73,8.8250,195.00,,25.857,10.448,1501.3,20.105,12.322,,4.1790,3.2558,2.7081,8.0846,35.110,2770.1,32.884,4391.9,50.784,12250,,,386966,27671,132.49,3.1086,657.88,0.75664,53.116,3.2238,,0.84149,657.98,61.014,119.34,25.228,297.18,,23.313,,,
2020-10-01,2020-09-30,4.3003,89.742,124.23,572.54,2.0997,729.84,89.187,2.0957,1.9890,1.95583,2.3669,99.313,0.44157,2262.0,1.1708,1.6020,8.0885,,1.1708,86.373,13.567,3.0607,,2.3416,2284.0,924.43,4542.8,706.50,1.1708,111.01,208.42,68.488,151.38,18.427,18.007,43.094,2.5022,0.91049,3.7261,,6.7854,0.91049,60.940,11441,9.1120,244.93,28.834,78.798,,,1393.3,49174,,165.72,0.82998,127.42,93.664,4800.9,492.97,152.15,0.35883,0.96007,506.37,10802,1767.3,216.59,233.16,19.682,1.6091,10.836,19.874,4545.6,61.647,1550.9,3339.5,9.3460,,47.825,46.650,18.054,879.86,,84.643,19.682,449.29,40.674,138.35,0.45076,1.1708,4.2115,4.1269,194.06,8176.9,4.3056,117.72,1130.1,4.3914,9.5110,21.052,,64.545,0.91049,,11486,677.31,15.703,193.96,,25.585,10.245,1472.0,19.682,12.093,,4.0978,3.2359,2.6940,7.9411,33.975,2716.3,33.125,4349.5,49.804,12050,,,503662,27144,132.58,3.0657,656.46,0.65272,51.752,3.1612,,0.83179,656.45,64.260,119.35,24.334,292.40,,23.445,,,
2020-11-01,2020-10-30,4.2966,89.870,124.20,576.58,2.0979,777.01,91.632,2.0939,1.9877,1.95583,2.3649,99.158,0.44107,2266.5,1.1698,1.5964,8.0944,,1.1698,86.694,13.369,3.0800,,2.3396,2293.8,904.58,4514.1,709.82,1.1698,111.33,208.24,68.437,151.32,18.367,17.992,44.193,2.4958,0.90360,3.7799,,6.8137,0.90360,60.917,11450,9.1199,244.72,28.593,73.447,,,1383.7,49132,,171.23,0.82939,127.32,95.811,4754.1,493.17,152.07,0.35789,0.95925,506.15,10820,1772.2,215.63,214.19,19.061,1.5991,10.759,19.945,4574.3,61.759,1550.7,3339.4,9.3416,,48.260,46.871,17.980,884.95,,85.612,19.060,450.91,40.754,138.70,0.45038,1.1698,4.2260,4.0902,187.64,8218.4,4.3116,117.71,1140.0,4.3871,9.3809,22.640,,64.500,0.90353,,11624,679.65,16.528,201.44,,25.564,10.236,1471.2,19.061,12.095,,4.0943,3.2401,2.7192,7.9465,33.436,2712.1,33.301,4373.3,50.316,12116,,,591756,27114,132.66,3.0440,656.77,0.64872,51.774,3.1585,,0.82868,656.75,61.296,119.38,23.381,291.79,,23.893,,,
2020-12-01,2020-11-30,4.4003,92.066,124.38,607.00,2.1485,787.23,97.402,2.1444,2.0356,1.95583,2.3992,101.67,0.45173,2324.1,1.1980,1.6026,8.2694,,1.1980,88.709,13.267,3.1004,,2.3960,2350.3,917.48,4292.7,723.34,1.1980,112.64,212.91,69.645,154.57,18.803,18.425,45.439,2.4839,0.89610,3.9774,,7.0005,0.89610,62.386,11766,9.3630,251.46,29.049,77.870,,,1429.0,50345,,175.73,0.84938,131.88,101.54,4849.5,493.05,155.83,0.36606,0.98237,509.55,11142,1806.0,222.62,188.48,18.399,1.6186,10.870,20.689,4539.9,61.559,1575.4,3412.5,9.5620,,49.878,47.883,18.461,915.87,,88.850,18.399,468.29,41.774,141.95,0.46064,1.1980,4.3197,4.2035,190.99,8431.5,4.4245,117.53,1184.5,4.4932,9.5994,24.969,,66.105,0.89624,,12010,687.65,16.926,210.17,,25.684,10.483,1507.6,18.400,13.537,,4.1930,3.2631,2.7296,8.1242,34.221,2769.7,34.135,4436.9,50.958,12464,,,1179289,27712,132.52,3.0445,655.29,0.59902,47.547,3.2346,,0.83771,655.34,64.717,119.17,26.289,298.37,,25.136,,,
2021-01-01,2020-12-31,4.5071,94.609,124.18,640.74,2.2007,800.98,103.26,2.1965,2.0846,1.95583,2.4686,103.77,0.46263,2380.6,1.2271,1.6225,8.4642,,1.2271,89.664,13.252,3.2328,,2.4542,2411.0,872.41,4200.0,752.31,1.2271,112.62,218.44,71.355,162.10,19.315,18.873,48.290,2.4931,0.89838,4.0378,,7.2001,0.89838,63.766,12246,9.5618,256.71,29.599,89.411,,,1791.6,51563,,174.83,0.86977,134.05,103.11,4958.7,492.15,159.60,0.37317,1.0062,516.77,11428,1854.8,227.58,201.26,17.981,1.6401,10.903,21.100,4805.4,61.684,1629.4,3497.5,9.7989,,50.879,48.716,18.910,946.70,,91.787,17.981,491.15,42.733,143.94,0.47213,1.2271,4.4458,4.3056,196.57,8481.2,4.5019,117.62,1216.1,4.6038,9.7621,26.095,,67.685,0.89838,,12393,709.26,17.334,215.77,,26.188,10.737,1543.9,17.981,13.866,,4.2949,3.2932,2.7800,8.2934,34.474,2835.2,34.771,4486.6,51.833,12843,,,1303311,28344,132.04,3.0609,655.93,0.69332,49.672,3.3132,,0.85199,655.80,63.375,119.27,28.117,307.23,,25.972,,,
2021-02-01,2021-01-29,4.4576,94.023,123.52,628.41,2.1766,795.92,105.93,2.1723,2.0617,1.95583,2.4429,102.96,0.45753,2365.1,1.2136,1.6117,8.3822,,1.2136,88.537,13.307,3.1822,,2.4272,2386.2,889.41,4328.8,744.33,29.126,110.97,215.99,70.510,160.98,19.067,18.665,47.859,2.4772,0.88403,4.0049,,7.0741,0.88403,62.804,12401,9.4456,253.40,29.387,91.037,,,1771.9,50980,,178.03,0.86056,133.67,101.92,4936.9,492.66,157.78,0.36744,0.99516,514.15,11301,1833.7,231.40,204.05,18.233,5.4110,10.851,21.013,4594.4,61.607,1613.1,3458.3,9.6914,,43.386,48.059,18.629,937.51,,91.024,18.233,477.66,42.329,141.71,0.46722,1.2136,4.4174,4.2582,194.34,8430.0,4.4335,117.47,1203.3,4.5520,9.8267,25.483,,66.910,0.88397,,12386,702.33,17.161,213.80,,26.025,10.619,1526.4,18.233,13.701,,4.2476,3.2787,2.7551,8.2393,34.003,2814.3,34.068,4470.2,51.275,12735,,,2211771,27972,131.76,3.0462,655.23,0.72343,49.413,3.2646,,0.84231,655.23,60.965,119.11,29.128,305.81,,25.930,,,
2021-03-01,2021-02-26,4.4520,93.963,123.69,639.55,2.1739,775.29,108.87,2.1697,2.0626,1.95583,2.4384,102.85,0.45705,2363.2,1.2121,1.6039,8.3738,,1.2121,89.052,13.320,3.1589,,2.4242,2394.6,875.26,4382.3,741.74,29.090,110.94,215.75,70.241,161.03,19.031,18.642,48.424,2.4423,0.87032,4.0242,,6.9741,0.87032,62.514,12300,9.3360,253.57,29.218,91.677,,,1769.7,50820,,183.04,0.85889,133.09,101.72,4938.7,492.13,157.30,0.36717,0.99393,506.20,11324,1832.7,236.08,210.17,18.217,5.3839,10.821,21.161,4535.9,61.608,1724.1,3454.4,9.6812,,43.333,48.302,18.642,944.09,,90.538,18.217,495.58,42.296,141.63,0.46666,1.2121,4.4245,4.2530,191.25,8020.8,4.4545,117.60,1203.6,4.5460,9.7593,25.703,,453.94,0.87026,,12378,701.27,17.141,213.50,,25.847,10.606,1521.7,18.219,13.688,,4.2424,3.2900,2.7423,8.2265,33.788,2798.5,33.916,4442.3,52.251,12789,,,2266859,27900,129.49,3.0227,656.15,0.70666,46.211,3.2727,,0.84216,656.13,61.757,119.27,31.499,305.08,,26.417,,,
2021-04-01,2021-03-31,4.3066,91.143,123.05,622.36,2.1029,741.86,107.86,2.0988,1.9917,1.95583,2.3450,99.323,0.44207,2287.5,1.1725,1.5768,8.1101,,1.1725,85.721,12.927,3.0727,,2.3450,2302.8,846.51,4318.9,718.57,28.140,110.51,208.56,66.610,157.05,18.446,18.033,48.675,2.4190,0.85019,4.0126,,6.7909,0.85019,60.616,11746,9.0449,245.99,28.193,92.827,,,1711.9,49283,,170.78,0.83130,128.19,99.440,4755.3,491.35,152.54,0.35459,0.96146,499.03,11033,1772.8,233.35,203.01,17.310,5.3195,10.622,21.219,4450.8,61.558,1681.3,3342.2,9.3895,,41.917,47.838,18.057,919.44,,79.184,17.310,477.95,40.916,137.67,0.45113,1.1725,4.4109,4.1140,178.58,7370.9,4.3371,117.42,1163.0,4.3972,9.3129,24.258,,446.51,0.85019,,11994,685.91,16.578,208.72,,25.228,10.259,1475.6,17.309,13.248,,4.1038,3.2795,2.6617,7.9192,33.416,2716.8,32.650,4299.9,51.868,12295,,,2223948,27044,127.87,2.9029,655.14,0.66293,46.474,3.1658,,0.82733,655.17,72.024,119.10,32.502,295.68,,25.909,,,
2021-05-01,2021-04-30,4.4377,93.637,123.33,628.18,2.1669,788.82,113.03,2.1627,2.0524,1.95583,2.4164,102.42,0.45548,2360.9,1.2082,1.6041,8.3477,,1.2082,89.502,13.118,3.0890,,2.4164,2391.4,858.76,4494.4,745.13,28.997,111.61,215.04,68.807,161.46,18.917,18.582,50.764,2.4527,0.87128,4.1647,,6.9766,0.87128,62.534,11967,9.3246,252.76,29.026,102.84,,,1764.0,50765,,185.32,0.85722,130.27,102.42,4890.1,492.42,157.13,0.36384,0.99073,519.56,11381,1826.8,238.62,207.99,17.462,5.4003,10.780,21.461,4593.1,61.644,1849.2,3443.9,9.6606,,43.193,48.690,18.652,953.37,,69.539,17.465,495.65,42.190,143.16,0.46514,1.2082,4.5699,4.2393,185.06,7943.9,4.4515,117.71,1204.2,4.5310,9.6425,18.092,,460.33,0.87128,,12352,699.01,17.085,215.00,,26.019,10.572,3035.9,17.465,13.665,,4.2287,3.3123,2.7242,8.2020,33.711,2799.5,33.602,4317.1,52.937,12712,,,3315827,27853,130.03,3.0349,656.35,0.69265,47.005,3.2621,,0.84137,656.54,79.320,119.36,32.236,303.92,,26.958,,,
2021-06-01,2021-05-31,4.4814,95.744,123.03,634.96,2.1882,793.30,115.53,2.1875,2.0732,1.95583,2.4402,103.44,0.45995,2402.4,1.2201,1.6132,8.4236,,1.2201,88.605,12.966,3.0888,,2.4402,2412.2,879.81,4523.5,752.70,29.282,110.35,216.91,69.479,162.70,19.134,18.765,53.142,2.4819,0.86098,3.9753,,7.0739,0.86098,62.596,11950,9.4247,255.24,29.331,108.93,,,1781.3,51177,,181.98,0.86517,131.40,102.44,4972.8,491.81,158.41,0.36702,1.0005,522.54,11527,1843.2,241.37,209.42,16.769,5.4294,10.771,21.486,4582.4,61.557,1913.6,3483.9,9.7546,,43.619,49.353,18.594,971.97,,74.424,16.769,501.77,43.111,141.63,0.46943,1.2201,4.6359,4.2992,187.38,8276.9,4.5040,117.56,1207.2,4.5759,9.5544,19.235,,513.18,0.86098,,12506,714.64,18.349,216.76,,25.376,10.676,3060.7,16.769,13.788,,4.2704,3.3356,2.7119,8.2275,33.626,2827.2,33.504,4328.7,53.432,12883,,,3781000,28121,131.25,3.0694,655.75,0.73791,50.245,3.2943,,0.84528,655.77,75.015,119.21,31.388,303.97,,27.481,,,
2021-07-01,2021-06-30,4.3650,94.308,122.79,588.52,2.0999,776.94,113.76,2.1350,2.0191,1.95583,2.3768,100.80,0.44805,2354.2,1.1884,1.5974,8.1773,,1.1884,88.332,12.946,3.0031,,2.3768,2348.9,862.24,4464.8,735.24,28.522,110.77,211.57,67.671,159.92,18.627,18.278,52.022,2.4574,0.85898,3.7553,,6.9839,0.85898,61.262,11656,9.2098,248.49,28.588,109.61,,,1735.1,49913,,178.17,0.84246,128.24,100.51,4851.6,492.53,154.51,0.35785,0.97450,506.42,11271,1807.1,237.09,203.29,16.896,5.3543,10.605,21.370,4640.3,61.682,1921.0,3384.8,9.5011,,42.485,51.101,18.091,956.52,,75.810,16.896,487.54,41.704,141.27,0.45753,1.1884,4.5989,4.1698,187.39,8017.9,4.3750,117.69,1186.0,4.4572,9.4243,17.283,,527.40,0.85892,,12208,689.60,24.820,211.40,,24.598,10.399,2985.0,16.896,13.418,,4.1594,3.3225,2.6503,8.0634,33.127,2753.7,32.432,4232.5,51.624,12579,,,3805348,27356,129.99,3.0255,656.75,0.70284,47.684,3.2087,,0.83313,656.71,73.658,119.38,28.790,298.71,,26.905,,,
2021-08-01,2021-07-30,4.3676,95.264,121.87,578.16,2.1327,768.75,114.97,2.1285,2.0204,1.95583,2.3782,100.87,0.44830,2355.2,1.1891,1.6089,8.1735,,1.1891,88.487,13.125,2.9651,,2.3782,2344.4,903.09,4592.2,736.43,28.538,110.70,211.60,67.858,160.10,18.674,18.288,52.724,2.4752,0.85228,3.6981,,7.0615,0.85228,61.292,11607,9.2148,248.76,28.222,111.34,,,1736.1,49942,,184.05,0.84319,129.12,100.70,4850.6,492.46,154.66,0.35722,0.97507,505.20,11365,1793.3,236.99,203.67,17.333,5.3580,10.559,21.267,4532.3,61.573,1976.9,3385.2,9.5109,,42.784,50.506,18.102,964.98,,75.855,17.333,488.84,41.859,141.49,0.45780,1.1891,4.7564,4.1899,193.00,8219.3,4.3944,117.64,1194.2,4.4596,9.4976,18.139,,530.48,0.85228,,12209,687.85,25.121,211.62,,24.713,10.405,2988.1,17.333,13.421,,4.1619,3.3059,2.6460,8.0634,33.246,2753.9,31.815,4221.8,51.947,12644,,,4675546,27286,132.13,3.0373,656.59,0.69133,49.340,3.2106,,0.83225,656.58,71.345,119.36,28.484,298.40,,22.825,,,
2021-09-01,2021-08-31,4.3466,104.00,122.01,583.95,2.1227,760.20,115.69,2.1183,2.0106,1.95583,2.3668,100.74,0.44613,2347.9,1.1834,1.5898,8.1352,,1.1834,86.396,13.149,2.9651,,2.3668,2334.5,917.85,4470.8,735.73,28.402,110.69,210.56,67.405,160.16,18.578,18.201,53.999,2.4721,0.85847,3.6798,,7.1526,0.85847,60.624,11581,9.1566,247.57,28.252,114.25,,,1727.8,49703,,179.11,0.83879,130.14,100.13,4840.2,492.35,153.70,0.35593,0.97040,504.35,11360,1788.4,236.09,202.84,17.217,5.3438,10.496,20.958,4606.7,61.595,1983.8,3372.9,9.4783,,42.922,50.620,18.109,961.51,,75.624,17.217,486.61,41.660,138.69,0.45562,1.1834,4.8234,4.1523,197.46,8190.0,4.3555,117.68,1189.4,4.4385,9.4070,16.067,,525.18,0.85847,,12240,683.96,25.064,210.32,,24.701,10.355,2970.9,17.217,13.350,,4.1419,3.2902,2.6164,8.0377,32.741,2742.5,31.852,4184.8,50.176,12610,,,4895501,26963,131.33,3.0289,656.49,0.65364,49.301,3.1952,,0.83089,656.55,67.770,119.35,27.537,296.90,,18.881,,,
2021-10-01,2021-09-30,4.2530,102.05,121.50,562.89,2.0613,701.86,114.33,2.0726,1.9646,1.95583,2.3158,99.043,0.43652,2304.7,1.1579,1.5746,7.9519,,1.1579,85.960,13.113,2.9074,,2.3158,2286.1,944.38,4417.3,724.29,27.790,110.62,206.08,65.236,158.76,18.209,17.809,53.384,2.4490,0.85923,3.6101,,6.9576,0.85923,60.179,11299,8.9597,242.46,27.911,113.27,,,1690.5,48632,,170.87,0.82072,127.95,98.016,4735.1,491.98,150.50,0.34937,0.94949,493.38,11492,1750.5,231.57,197.98,17.489,5.2742,10.473,20.385,4568.5,61.629,2272.4,3301.5,9.2767,,41.731,49.384,17.713,941.79,,73.909,17.489,478.27,40.663,137.51,0.44549,1.1579,4.7848,4.0486,197.98,7989.5,4.2491,117.58,1164.0,4.3431,9.2929,15.359,,514.47,0.85923,,12096,670.67,24.651,205.94,,24.448,10.132,2909.0,17.489,13.040,,4.0527,3.2708,2.6138,7.8558,32.208,2670.0,30.771,4116.2,49.593,12375,,,4.8562,26355,129.22,2.9928,655.94,0.60707,48.407,3.1263,,0.82186,655.95,52.995,119.25,26.885,289.73,,19.447,,,
2021-11-01,2021-10-29,4.2772,105.66,123.13,556.49,2.0741,702.21,116.13,2.0845,1.9756,1.95583,2.3290,99.657,0.43903,2316.1,1.1645,1.5679,7.9896,,1.1645,87.198,13.263,2.8211,,2.3290,2297.0,943.50,4417.8,741.81,27.948,110.71,207.14,65.621,159.71,18.293,17.910,54.416,2.4045,0.84728,3.6746,,7.1035,0.84728,60.954,11213,9.0130,243.61,28.017,115.21,,,1700.2,48909,,178.75,0.82784,129.57,98.531,4751.9,493.60,151.48,0.35117,0.95490,497.85,12009,1755.4,234.08,177.67,17.727,5.2996,10.556,20.338,4615.4,61.810,2082.0,3316.3,9.3217,,41.957,50.132,17.661,946.90,,74.376,17.727,482.04,41.158,139.51,0.44833,1.1645,4.6514,4.0860,199.10,8043.8,4.2636,117.89,1182.7,4.3683,9.3086,16.597,,517.51,0.84734,,12527,672.60,24.817,473.15,,24.719,10.189,2926.9,17.728,13.082,,4.0758,3.2878,2.5763,7.8882,32.371,2683.3,30.592,4138.9,51.233,12434,,,5.1035,26495,127.36,2.9496,658.06,0.65510,48.991,3.1442,,0.82275,658.12,54.406,119.64,27.892,291.44,,20.108,,,
2021-12-01,2021-11-30,4.1736,109.30,121.33,554.30,2.0239,659.19,114.69,2.0340,1.9289,1.95583,2.2726,97.451,0.42842,2268.2,1.1363,1.5532,7.8305,,1.1363,85.413,13.321,2.8901,,2.2726,2250.7,949.53,4550.9,714.03,27.271,110.86,202.31,64.203,157.52,17.851,17.476,54.098,2.4192,0.85059,3.5509,,6.9687,0.85059,59.857,10686,8.7872,237.83,27.429,112.11,,,1659.0,47725,,176.54,0.80450,127.85,96.181,4630.1,491.53,147.58,0.34383,0.93178,497.01,12346,1716.1,230.06,161.90,18.108,5.2237,10.482,20.172,4512.3,61.535,2039.4,3235.6,9.1264,,40.918,49.306,17.277,927.02,,72.640,18.107,470.27,40.167,136.45,0.43745,1.1363,4.6120,3.9870,199.02,7768.9,4.1683,117.44,1156.7,4.2632,9.1563,15.624,,502.10,0.85052,,12564,657.30,24.348,467.85,,23.981,9.9426,2851.1,18.106,12.791,,3.9771,3.2758,2.5518,7.6887,31.472,2616.8,30.871,4054.4,50.018,12252,,,5.1973,25827,128.92,2.9203,655.32,0.65717,51.078,3.0680,,0.81118,655.34,50.659,119.16,27.003,284.34,,20.232,,,
2022-01-01,2021-12-31,4.1600,117.42,120.63,544.36,2.0173,629.83,116.36,2.0274,1.9244,1.95583,2.2652,97.506,0.42701,2265.6,1.1326,1.5303,7.7679,,1.1326,84.195,13.309,2.9040,,2.2652,2251.4,964.76,4613.0,726.99,27.182,110.64,201.57,64.873,157.26,17.800,17.419,55.915,2.3986,0.83816,3.4980,,7.0042,0.83816,59.946,10542,8.7407,236.94,27.737,113.78,,,1653.6,47569,,174.37,0.80301,128.14,95.973,4611.9,491.26,147.30,0.34262,0.92874,492.45,12682,1712.3,229.66,162.85,18.089,5.2063,10.477,20.138,4498.2,61.523,2016.0,3232.2,9.0935,,40.887,49.552,17.246,923.21,,72.490,18.089,480.68,40.145,134.77,0.43607,1.1326,4.4937,3.9740,199.90,7790.6,4.1609,117.42,1160.4,4.2535,9.0463,15.508,,501.29,0.83816,,12707,655.26,23.555,489.58,,24.635,9.9103,2847.4,18.089,12.737,,3.9641,3.2572,2.5509,7.6896,31.344,2610.2,30.903,4027.4,50.486,12254,,,5.1970,25853,127.07,2.9281,654.90,0.65646,51.694,3.0580,,0.80924,654.99,53.065,119.04,27.066,283.34,,18.881,,,
2022-02-01,2022-01-31,4.0976,115.07,120.69,538.85,1.9870,591.92,117.16,1.9969,1.8941,1.95583,2.2312,95.891,0.42055,2238.1,1.1156,1.5102,7.6931,,1.1156,83.249,12.987,2.9013,,2.2312,2221.8,893.52,4402.8,717.78,26.774,110.48,198.73,64.344,156.33,17.539,17.158,55.573,2.4147,0.83062,3.3972,,7.0024,0.83062,59.279,10057,8.5765,233.50,27.442,113.36,,,1628.8,46855,,174.39,0.79096,126.70,94.540,4534.0,490.67,145.04,0.33804,0.91480,484.73,12677,1685.6,225.30,169.08,17.297,5.1360,10.527,20.081,4449.5,61.427,1986.3,3178.1,8.9543,,40.519,48.836,17.081,910.66,,71.326,17.297,464.10,39.696,133.51,0.42951,1.1156,4.2907,3.9144,197.01,7877.7,4.0837,117.27,1143.7,4.1856,8.9391,15.238,,500.83,0.83049,,12578,645.15,23.489,483.18,,24.479,9.7615,2803.6,17.296,12.551,,3.9046,3.2390,2.5332,7.5667,31.053,2578.3,31.650,3914.6,49.182,12061,,,5.0751,25283,128.89,2.9289,654.24,0.64770,51.732,3.0121,,0.80156,654.21,69.715,118.93,29.416,279.16,,20.190,,,
2022-03-01,2022-02-28,4.1134,102.80,121.02,545.19,1.9947,554.75,120.32,2.0046,1.8990,1.95583,2.2398,96.346,0.42221,2249.0,1.1199,1.5189,7.7011,,1.1199,84.373,13.052,3.0777,,2.2398,2236.3,891.06,4370.8,720.75,26.878,110.42,199.37,61.276,158.03,17.595,17.224,57.111,2.3884,0.83463,3.5837,,7.5313,0.83463,59.863,10004,8.6465,234.40,27.539,115.55,,,1635.1,47036,,173.36,0.79401,127.50,104.34,4558.6,490.68,145.78,0.33937,0.91833,551.94,12848,1692.0,225.87,172.17,17.311,5.1587,10.688,20.634,4468.1,61.433,1995.0,3208.0,9.0080,,40.753,48.716,17.136,905.34,,71.671,17.311,467.95,40.051,135.08,0.43076,1.1199,4.1908,3.9419,198.87,7835.6,4.0891,117.34,1136.5,4.2016,9.0460,16.056,,505.26,0.83463,,13045,648.66,23.101,482.29,,24.523,9.7991,2818.0,17.311,12.601,,3.9197,3.2505,2.5240,7.5935,31.352,2591.5,33.793,3968.3,47.497,12173,,,4.9236,25556,127.59,2.8923,654.23,0.70127,54.905,3.0237,,0.80288,654.29,71.411,118.94,30.373,280.21,,19.898,,,
2022-04-01,2022-03-31,4.0774,98.263,121.80,537.36,1.9772,495.59,123.21,1.9871,1.8833,1.95583,2.2202,95.708,0.41857,2257.5,1.1101,1.5027,7.6375,,1.1101,84.133,12.701,,,2.2202,2214.7,875.42,4165.0,734.70,26.642,110.67,197.41,61.056,158.25,20.238,17.073,56.741,2.3190,0.84560,3.4100,,8.3717,0.84560,59.299,9890.3,8.5311,232.34,27.207,116.45,,,1620.7,46624,,170.24,0.78717,127.67,105.99,4497.8,492.49,144.48,0.33751,0.91029,521.16,13033,1677.4,326.37,169.88,16.191,5.1792,10.729,20.343,4448.8,61.659,1971.5,3268.7,8.9492,,40.422,50.066,16.857,907.21,,70.918,16.190,462.17,39.690,134.73,0.42748,1.1101,4.1157,3.9088,204.44,7695.1,4.0525,117.85,1129.8,4.1644,8.8033,15.891,,496.89,0.84560,,13093,642.15,22.970,477.92,,24.579,9.7134,2792.5,16.188,14.387,,3.8854,3.2842,2.4823,7.5406,31.779,2578.5,32.5856,3979.6,45.586,12362,,,4.8550,25351,123.13,2.8545,656.44,0.72427,56.236,2.9973,,0.80302,656.65,65.739,119.37,28.563,277.76,,20.065,,,
2022-05-01,2022-04-29,3.8713,90.554,120.94,472.72,1.8794,427.52,121.54,1.8867,1.7866,1.95583,2.1080,91.371,0.39736,2155.6,1.0540,1.4609,7.2065,,1.0540,80.561,12.729,,,2.1080,2101.8,896.40,4183.2,701.35,25.296,110.64,187.64,58.041,153.06,19.493,16.211,54.417,2.2750,0.83944,3.2147,,8.1685,0.83944,56.976,9311.5,8.0732,220.60,25.837,112.92,,,1538.8,44268,,163.04,0.74760,122.06,88.536,4264.0,492.28,137.32,0.32310,0.86429,466.37,12980,1592.6,371.17,159.45,16.609,5.0495,10.535,19.429,4248.3,61.625,1949.9,3248.9,8.5070,,38.426,45.495,16.049,859.31,,67.327,16.609,438.10,37.744,129.08,0.40580,1.0540,4.0340,3.7113,195.72,7197.0,3.8541,117.68,1075.5,3.9536,8.3850,13.885,,471.89,0.83951,,13156,609.79,21.911,453.63,,24.216,9.2225,2653.0,16.609,13.151,,3.6890,3.2527,2.3835,7.1554,31.027,2449.6,30.6869,3748.7,43.161,11781,,,4.7091,24208,120.80,2.7214,656.38,0.70828,58.340,2.8458,,0.78405,656.33,70.355,119.33,28.789,263.74,,17.944,,,
2022-06-01,2022-05-31,3.9349,95.430,120.77,478.87,1.9124,453.54,128.72,1.9176,1.8165,1.95583,2.1426,95.306,0.40387,2193.4,1.0713,1.4677,7.3480,,1.0713,83.172,12.892,,,2.1426,2137.2,885.25,4029.2,726.03,25.711,110.77,190.74,59.141,155.69,19.905,16.477,55.435,2.3009,0.85118,3.2246,,8.3467,0.85118,57.982,9463.7,8.2309,224.22,26.317,118.63,,,1564.1,44995,,164.80,0.75955,125.13,88.041,4355.9,492.28,139.02,0.32774,0.87847,455.61,14408,1618.9,386.04,162.87,16.732,5.1100,10.586,20.384,4317.7,61.681,1981.9,3340.3,8.6602,,39.076,46.576,16.553,1092.2,,68.478,16.732,445.65,38.452,133.07,0.41246,1.0713,3.9410,3.7722,212.52,7358.5,3.9267,117.54,1100.2,4.0178,8.5567,13.896,,477.96,0.85125,,13950,621.13,22.580,486.67,,24.748,9.3739,2686.5,16.732,12.572,,3.7496,3.2711,2.4464,7.2516,31.067,2492.1,31.5031,4047.3,42.766,11797,,,5.3987,24849,122.29,2.7964,656.36,0.65596,55.434,2.8925,,0.79373,656.36,60.786,119.33,29.126,268.07,,18.507,,,
2022-07-01,2022-06-30,3.8151,91.120,118.78,421.85,1.8511,444.78,130.06,1.8593,1.7585,1.95583,2.0774,96.912,0.39159,2129.0,1.0387,1.4438,7.1540,,1.0387,82.031,12.919,,,2.0774,2070.8,970.04,4303.5,715.39,24.929,110.21,185.29,56.974,152.06,19.525,15.975,54.164,2.2909,0.85356,3.0434,,8.3787,0.85349,55.991,9027.3,8.0529,216.36,25.523,119.42,,,1516.5,43625,,156.55,0.73696,122.45,83.152,4224.4,490.67,135.04,0.31882,0.85174,488.45,15613,1566.1,373.73,158.10,17.063,5.0152,10.512,19.834,4218.8,61.512,1921.6,3251.5,8.3946,,37.719,47.417,15.791,1064.3,,66.347,17.062,437.17,37.308,131.23,0.39992,1.0387,3.9266,3.6574,211.97,7112.5,3.8136,117.06,1062.7,3.8977,8.3766,13.786,,592.31,0.85342,,13764,600.71,23.093,519.45,,24.411,9.0886,2610.2,17.062,11.658,,3.6355,3.2307,2.3950,7.0541,30.892,2420.0,30.7776,3897.3,41.384,11284,,,5.7232,24183,122.04,2.7870,654.25,0.63417,56.266,2.8045,,0.78228,654.25,58.617,118.94,27.915,259.90,,17.476,,,
2022-08-01,2022-07-29,3.7457,91.524,117.20,415.19,1.8254,441.84,133.77,1.8254,1.7326,1.95583,2.0396,96.624,0.38445,2086.3,1.0198,1.4114,7.0215,,1.0198,80.832,12.812,,,2.0396,2039.1,924.23,4426.5,684.99,24.475,110.00,181.67,55.572,148.68,19.300,15.297,53.227,2.2468,0.84393,2.8185,,8.6177,0.84393,55.141,8824.6,7.8902,212.53,25.069,119.07,,,1488.9,42832,,156.27,0.72436,121.34,83.797,4169.2,493.46,132.89,0.31267,0.83624,486.37,15352,1540.9,369.97,155.72,16.905,4.9647,10.520,19.687,4200.3,61.722,1860.1,3229.5,8.2456,,37.633,46.116,15.521,1045.6,,65.152,16.906,434.65,36.611,129.45,0.39264,1.0198,4.0102,3.5908,243.73,7016.2,3.7554,117.74,1048.8,3.8302,8.2776,14.180,,579.28,0.84407,,13987,578.76,24.428,608.23,,24.654,8.9233,2568.4,16.907,10.447,,3.5693,3.2035,2.3449,6.9181,30.508,2375.9,36.9965,3942.3,41.768,11127,,,5.8594,23805,119.21,2.7297,657.85,0.63103,55.347,2.7535,,0.77047,657.85,66.271,119.59,27.996,255.20,,16.699,,,
2022-09-01,2022-08-31,3.6730,88.189,117.11,404.27,1.7900,429.42,138.65,1.7900,1.6951,1.95583,2.0000,95.115,0.37696,2053.3,1.0000,1.3973,6.8770,,1.0000,79.459,12.837,,,2.0000,2011.7,899.54,4434.8,642.90,24.000,110.48,178.11,52.992,140.47,19.214,15.000,52.682,2.2193,0.86140,2.9050,,10.070,0.86140,55.375,8627.0,7.7419,209.30,24.608,121.52,,,1460.0,42000,,150.56,0.70950,120.12,81.363,4112.2,491.74,129.79,0.30822,0.82001,473.10,15433,1512.4,363.26,153.14,17.058,4.9357,10.589,19.291,4193.6,61.488,2100.0,3198.6,8.0841,,37.588,44.554,15.405,1026.7,,64.023,17.058,428.72,36.072,127.28,0.38502,1.0000,3.8300,3.5211,220.15,6893.7,3.6825,117.28,1038.5,3.7573,8.1301,13.611,,574.00,0.86140,,14214,568.70,24.835,643.68,,24.662,8.7500,2508.9,17.058,10.225,,3.5000,3.2085,2.3213,6.7695,30.387,2328.1,36.6564,3800.2,40.792,10934,,,7.8455,23450,117.92,2.6853,655.66,0.58158,55.192,2.7000,,0.76844,655.66,66.750,119.19,27.339,250.23,,15.850,,,
2022-10-01,2022-09-30,3.5805,85.989,116.43,395.42,1.7449,422.48,143.60,1.7449,1.6526,1.95583,1.9496,98.688,0.36787,1992.7,0.97480,1.3981,6.7083,,0.97480,79.299,12.980,,,1.9496,1965.1,933.62,4453.8,612.48,23.395,110.52,173.55,52.103,137.33,19.051,14.622,51.386,2.2450,0.87591,2.7514,,10.179,0.87591,55.052,8426.3,7.6776,203.83,24.100,114.50,,,1423.2,40942,,148.28,0.69172,117.72,79.446,4016.0,490.60,126.93,0.30223,0.79934,464.40,16113,1474.6,356.25,149.22,17.514,4.9259,10.703,18.985,4114.3,61.427,2044.1,3255.7,7.8817,,36.811,45.847,15.064,999.17,,62.160,17.514,426.40,35.068,126.89,0.37531,0.97480,3.8746,3.4324,222.40,6902.3,3.5907,117.01,1020.2,3.6628,7.9317,13.373,,562.80,0.87607,15.251,,553.85,27.873,615.19,,24.422,8.5295,2453.4,17.514,9.7917,,3.4118,3.1870,2.3309,6.6129,30.953,2270.7,35.5611,3756.4,40.617,10735,,,7.9367,23260,119.77,2.7206,654.16,0.63213,55.104,2.6320,,0.76163,654.15,73.409,118.92,28.808,244.01,,15.365,,,
2022-11-01,2022-10-28,3.6550,87.471,117.98,396.82,1.7812,480.25,155.25,1.7812,1.6884,1.95583,1.9902,100.59,0.37515,2037.4,0.99510,1.4026,6.8453,,0.99510,82.071,13.268,,,1.9902,2005.4,926.78,4776.1,618.35,23.882,110.50,177.35,53.736,139.51,22.984,14.927,53.016,2.2944,0.85985,2.7614,,13.931,0.85985,60.042,8572.4,7.7984,208.08,24.604,121.49,,,1452.8,41794,,152.50,0.70632,120.75,82.432,4116.9,490.84,129.49,0.30827,0.81599,465.93,17195,1504.3,364.36,152.00,17.980,4.9442,10.841,19.190,4249.3,61.517,2087.3,3371.4,8.0452,,37.616,45.997,15.354,1020.2,,63.512,17.980,438.95,35.825,131.28,0.38313,0.99510,3.9550,3.4904,220.75,7227.4,3.6672,117.01,1051.7,3.7393,8.0510,13.646,,570.55,0.85985,17.300,,566.22,28.769,607.77,,24.686,8.7071,2502.2,17.980,10.219,,3.4829,3.2490,2.3783,6.7454,31.988,2318.0,36.7386,3789.8,40.576,11109,,,8.1897,24705,121.10,2.7742,654.44,0.62520,53.262,2.6868,,0.77414,654.44,61.968,118.98,30.785,248.98,,16.076,,,
2022-12-01,2022-11-30,3.8111,91.628,116.78,409.95,1.8573,531.12,173.55,1.8573,1.7607,1.95583,2.0752,105.60,0.39116,2133.4,1.0376,1.4189,7.1472,,1.0376,84.490,13.320,,,2.0752,2093.5,931.25,4988.5,620.46,24.902,110.64,184.71,56.594,143.87,25.479,15.564,55.443,2.3094,0.86539,2.8145,,14.832,0.86539,65.032,8940.7,8.1247,217.17,25.625,142.06,,,1514.9,43579,,159.77,0.73638,127.05,87.579,4276.3,491.86,134.71,0.31934,0.85084,486.66,17969,1573.7,382.02,158.99,17.569,5.0751,11.092,20.207,4519.5,61.600,2180.5,3545.3,8.3344,,39.343,46.165,15.992,1065.1,,66.228,17.564,461.36,37.875,135.36,0.39950,1.0376,3.9979,3.6535,233.14,7487.3,3.8161,117.29,1107.1,3.8998,8.4910,13.765,,594.76,0.86539,19.145,,590.39,32.602,666.33,,24.699,9.0790,2602.6,17.568,10.539,,3.6316,3.3477,2.4518,7.0329,31.975,2420.6,37.9344,3885.4,40.869,11631,,,11.340,25631,124.77,2.8280,655.77,0.67191,54.376,2.8015,,0.78915,655.76,58.067,119.22,32.018,259.68,,17.729,,,
2023-01-01,2022-12-30,3.9173,95.116,114.20,420.36,1.9092,543.24,188.92,1.9092,1.8098,1.95583,2.1332,110.01,0.40216,2200.4,1.0666,1.4298,7.3383,,1.0666,88.245,13.605,,,2.1332,2144.4,913.33,5173.9,631.22,25.598,110.48,189.94,59.962,146.38,26.409,15.999,57.131,2.3639,0.88375,2.8745,,10.834,0.88375,66.636,9187.6,8.3718,223.24,26.319,154.72,,,1557.2,44797,,162.04,0.75686,131.63,91.341,4392.8,491.34,138.35,0.32644,0.87462,493.57,18453,1621.1,391.85,164.13,18.080,5.1493,11.148,20.400,4763.1,61.408,2239.9,3668.2,8.5643,,39.553,47.265,16.463,1093.8,,68.011,18.080,491.66,38.940,141.15,0.41063,1.0666,4.0658,3.7556,241.75,7829.1,3.9143,117.16,1142.2,4.0083,8.8149,14.519,,612.15,0.88368,20.134,,606.36,34.012,709.93,,24.661,9.3328,2673.2,18.080,10.911,,3.7331,3.3246,2.4921,7.2406,32.777,2484.5,38.951,3965.4,42.484,11983,,,18.033,25207,127.11,2.8819,655.07,0.71265,54.806,2.8798,,0.80145,655.07,53.208,119.09,32.058,266.87,,19.297,,,
2023-02-01,2023-01-31,3.9790,97.075,116.34,427.74,1.9391,551.72,202.13,1.9391,1.8379,1.95583,2.1666,115.07,0.40837,2240.7,1.0833,1.4250,7.4531,,1.0833,88.749,13.960,,,2.1666,2198.6,865.67,5024.0,600.41,25.999,110.39,192.90,61.380,147.18,32.732,16.250,58.108,2.3504,0.88045,2.8707,,13.270,0.88052,67.720,9313.3,8.5031,227.49,26.676,159.69,,,1581.6,45499,,166.50,0.76860,134.82,93.280,4450.0,491.41,140.83,0.33089,0.88831,499.01,18239,1643.1,397.04,168.94,18.872,5.1523,11.077,20.285,4638.7,61.540,2274.9,3777.3,8.7446,,39.172,48.830,16.694,1110.6,,69.324,18.872,499.20,39.615,141.71,0.41653,1.0833,4.1665,3.8104,290.31,7927.4,3.9643,117.19,1171.1,4.0655,8.9529,14.737,,624.88,0.88059,21.154,,616.28,34.744,743.50,,24.544,9.4789,2720.9,18.872,11.118,,3.7916,3.3136,2.4818,7.3607,32.549,2531.7,39.8762,3992.8,41.886,12250,,,23.630,25403,125.72,2.8606,655.21,0.69981,57.093,2.9249,,0.80335,655.21,47.755,119.12,29.930,271.17,,20.634,,,
2023-03-01,2023-02-28,3.9003,94.417,114.99,413.10,1.9008,539.91,209.35,1.9008,1.8026,1.95583,2.1238,112.10,0.40039,2201.5,1.0619,1.4304,7.3172,,1.0619,87.786,14.102,,,2.1238,2156.7,881.32,5104.1,594.38,25.486,110.87,189.07,58.916,144.86,32.512,15.929,57.102,2.3561,0.87486,2.7755,,13.572,0.87486,66.037,9135.4,8.2961,223.00,26.209,158.17,,,1550.4,44600,,163.20,0.75321,134.79,92.758,4304.8,490.97,137.98,0.32600,0.87077,472.63,17927,15955,384.25,166.75,19.451,5.1235,11.016,20.047,4594.1,61.511,2230.0,3741.8,8.5848,,37.810,49.405,16.364,1088.6,,67.829,19.451,489.38,38.798,140.45,0.40883,1.0619,4.0396,3.7247,277.66,7704.2,3.8895,117.08,1157.8,3.9851,8.6899,13.971,,618.54,0.87486,21.597,,603.42,35.483,819.74,,24.602,9.2916,2667.2,19.451,11.208,,3.7167,3.3502,2.4811,7.2092,32.455,2481.7,38.611,3954.6,41.297,12039,,,25.870,25264,126.76,2.8638,654.65,0.63028,55.237,2.8671,,0.79915,654.65,42.871,119.01,28.858,265.68,,21.100,,,
2023-04-01,2023-03-31,3.9942,94.405,113.06,422.67,1.9466,554.79,227.28,1.9466,1.8460,1.95583,2.1750,115.36,0.41002,2253.0,1.0875,1.4455,7.4847,,1.0875,89.368,14.142,,,2.1750,2223.6,855.96,5051.1,588.96,26.100,110.97,193.53,59.647,147.56,33.494,16.313,58.918,2.4134,0.87779,2.7767,,12.574,0.87779,68.469,9324.3,8.4843,228.48,26.769,166.96,,,1424.6,45675,,163.82,0.77158,144.10,95.185,4410.7,491.18,141.54,0.33366,0.89176,495.38,18411,16340,354.91,175.45,19.275,5.1966,11.106,19.943,4710.7,61.470,2283.8,3824.7,8.7928,,37.280,49.837,16.767,1113.1,,69.601,19.275,500.86,39.767,143.02,0.41870,1.0875,4.0911,3.8292,307.96,7777.5,3.9941,117.09,1199.0,4.0814,8.9876,14.797,,635.06,0.87779,23.076,,618.79,39.098,915.61,,24.981,9.5156,2735.0,19.275,11.847,,3.8063,3.3249,2.5356,7.3665,33.155,2539.9,39.7812,4104.2,42.104,12421,,,26.607,25530,129.96,2.9352,654.92,0.71123,58.522,2.9363,,0.80841,654.92,43.591,119.06,29.326,272.14,,23.082,,,
2023-05-01,2023-04-28,4.0323,94.774,110.93,423.93,1.9656,563.34,244.43,1.9656,1.8635,1.95583,2.1962,116.22,0.41399,2278.9,1.0981,1.4677,7.5551,,1.0981,89.862,14.506,,,2.1962,2235.0,880.92,5095.3,591.45,26.354,110.59,195.59,59.926,148.38,33.933,16.472,59.683,2.4484,0.87792,2.7373,,12.930,0.87792,67.286,9416.9,8.5701,230.93,27.023,166.85,,,1438.5,46120,,167.37,0.77910,149.28,96.182,4523.0,491.39,142.77,0.33666,0.90045,496.29,18960,16500,352.34,179.29,20.157,5.2293,11.063,19.718,4839.1,61.424,2307.7,3823.6,8.8786,,37.576,49.408,16.916,1126.0,,70.293,20.157,506.87,40.185,143.77,0.42275,1.0981,4.0893,3.8611,311.49,7946.9,4.0064,117.10,1231.3,4.1186,8.9204,15.163,,645.93,0.87792,24.641,,624.54,40.952,927.64,,24.666,9.6084,2758.6,20.157,11.937,,3.8434,3.3395,2.5197,7.4411,33.769,2581.4,40.3461,4101.5,42.467,12516,,,27.083,25767,130.38,2.9735,655.20,0.72742,58.119,2.9649,,0.81521,655.19,44.423,119.11,31.387,274.77,,19.554,,,
2023-06-01,2023-05-31,3.9238,93.045,109.62,412.10,1.9123,623.62,255.72,1.9123,1.8138,1.95583,2.1366,114.56,0.40274,3013.2,1.0683,1.4474,7.3537,,1.0683,88.379,14.735,,,2.1366,2404.2,865.80,4696.5,578.50,25.639,110.23,190.27,58.270,145.96,33.008,16.025,58.178,2.4137,0.86292,2.7883,,11.938,0.86299,65.193,9177.3,8.3595,224.98,26.328,148.58,,,1399.5,44869,,164.18,0.75785,147.99,93.588,4400.0,492.26,138.87,0.32877,0.87601,478.12,18918,16051,309.28,179.51,21.060,5.1519,10.880,18.989,4692.8,61.638,2243.4,3694.6,8.6203,,36.628,48.929,16.436,1093.7,,67.912,21.060,497.10,39.079,141.35,0.41130,1.0683,3.9335,3.7910,304.83,7767.1,3.8956,117.31,1205.4,4.0068,8.7494,13.783,,628.82,0.86292,24.371,,611.87,39.801,1018.1,,24.632,9.3476,2684.3,21.061,11.646,,3.7391,3.3253,2.4838,7.2274,32.877,2524.4,39.2802,4030.9,41.390,12194,,,27.884,25094,128.50,2.8803,656.31,0.69826,59.068,2.8844,,0.80477,656.33,41.157,119.32,30.199,267.28,,20.856,,,
2023-07-01,2023-06-30,3.9911,93.352,105.90,420.70,1.9450,901.67,278.95,1.9450,1.8431,1.95583,2.1732,117.55,0.40966,3075.9,1.0866,1.4702,7.5074,,1.0866,89.145,14.684,,,2.1732,2461.2,870.28,4539.7,591.48,26.078,110.20,193.47,60.029,147.30,33.571,16.299,59.553,2.4402,0.85525,2.8333,,12.333,0.85525,66.364,9334.6,8.5245,228.84,26.756,149.30,,,1423.4,45637,,166.27,0.77094,152.71,94.781,4483.9,489.43,140.92,0.33430,0.89102,490.09,20098,16332,334.39,192.49,20.467,5.2336,10.762,19.733,4913.4,61.239,2281.9,3729.9,8.7705,,37.413,49.488,16.505,1141.5,,69.484,20.467,822.26,39.759,142.64,0.41834,1.0866,3.9437,3.8752,311.21,7901.6,3.9615,116.62,1288.3,4.0762,8.9876,14.694,,639.18,0.85525,20.073,,623.36,41.426,1061.8,,24.759,9.5078,2724.0,20.467,11.852,,3.8031,3.3599,2.5676,7.3681,33.852,2597.3,40.0006,3986.2,40.601,12485,,,30.085,25601,130.52,2.9592,652.54,0.66603,56.635,2.9338,,0.81695,652.54,36.824,118.63,26.576,271.84,,19.097,,,
2023-08-01,2023-07-31,4.0487,94.027,102.44,425.87,1.9731,917.44,303.43,1.9731,1.8717,1.95583,2.2046,119.60,0.41550,3093.2,1.1023,1.4644,7.5976,,1.1023,90.667,14.428,,,2.2046,2641.9,924.72,4294.5,597.25,26.455,110.52,196.13,61.922,148.98,34.077,16.535,60.600,2.4567,0.85722,2.8935,,12.559,0.85722,67.659,9463.7,8.6644,230.71,27.121,149.69,,,1444.0,46297,,169.22,0.78142,157.20,96.700,4548.9,491.14,143.31,0.33858,0.90390,490.08,20950,16568,354.64,204.06,19.577,5.2562,10.823,19.474,4977.9,61.451,2256.0,3785.3,8.8554,,40.833,50.598,16.758,1159.0,,70.478,19.577,849.80,40.351,145.06,0.42439,1.1023,3.9694,3.9509,314.84,8018.8,4.0193,116.99,1303.1,4.1355,8.9984,15.223,,606.01,0.85722,23.193,,627.96,42.344,1090.8,,24.576,9.6451,2770.2,19.576,12.026,,3.8581,3.3873,2.5516,7.4687,34.673,2673.9,40.2584,3988.2,41.401,12798,,,32.420,26111,131.43,2.9744,654.86,0.72271,57.471,2.9762,,0.82081,654.86,37.364,119.06,27.976,275.85,,20.806,,,
2023-09-01,2023-08-31,3.9918,79.752,108.78,419.72,1.9454,905.29,380.38,1.9454,1.8448,1.95583,2.1736,118.08,0.40971,3073.3,1.0868,1.4691,7.5166,,1.0868,89.971,14.686,,,2.1736,2665.0,928.03,4462.4,585.98,26.083,110.67,193.34,61.634,148.08,33.620,16.302,59.932,2.4605,0.85757,2.8512,,12.390,0.85757,67.284,9332.9,8.5396,227.47,26.761,147.21,,,1423.7,45646,,166.91,0.77043,158.18,95.505,4515.7,492.82,141.30,0.33501,0.89118,498.15,21318,16336,347.00,203.28,20.422,5.2480,11.041,19.329,4882.1,61.639,2284.4,3772.1,8.7795,,41.224,49.571,16.536,1166.5,,69.349,20.421,842.43,39.745,143.94,0.41844,1.0868,4.0103,3.9094,332.32,7917.1,3.9630,117.38,1293.6,4.0764,8.8718,14.754,,605.37,0.85750,23.463,,618.58,41.608,1116.1,,23.557,9.5095,14133,20.420,11.881,,3.8038,3.3686,2.5204,7.3669,34.647,2714.6,39.7903,4041.9,40.893,13137,,,35.227,26176,132.57,2.9882,657.12,0.72849,57.497,2.9344,,0.81718,657.11,36.418,119.46,29.018,272.01,,21.963,,,
2023-10-01,2023-09-29,3.8912,82.900,106.78,420.58,1.8963,883.35,370.82,1.8963,1.7993,1.95583,2.1188,116.59,0.39940,3001.8,1.0594,1.4448,7.3056,,1.0594,87.973,14.453,,,2.1188,2596.9,952.06,4278.5,565.69,25.426,110.72,188.54,59.996,145.41,32.734,15.891,58.722,2.4309,0.86708,2.8339,,12.263,0.86708,64.634,9100.2,8.3260,221.73,26.207,142.57,,,1387.8,44495,,163.11,0.75196,156.97,93.439,4361.5,492.52,137.67,0.32727,0.86872,506.36,21147,15931,342.01,197.43,19.942,5.1740,10.927,19.256,4793.8,61.583,2226.8,3662.9,8.5455,,40.302,47.923,16.139,1150.7,,67.551,19.942,823.41,38.775,140.83,0.40786,1.0594,4.0119,3.8749,304.83,7720.4,3.8630,117.28,1289.5,3.9734,8.6623,14.098,,654.38,0.86708,23.826,,604.50,40.459,1075.0,,24.523,9.2698,13771,19.942,11.574,,3.7079,3.3581,2.5033,7.1659,34.158,2651.1,38.5543,3983.6,40.831,12907,,,36.010,25758,129.55,2.9185,656.68,0.70422,56.777,2.8604,,0.80564,656.69,38.516,119.39,27.939,265.16,,22.274,,,
2023-11-01,2023-10-30,3.8951,78.053,105.70,424.94,1.8983,885.66,371.20,1.8983,1.8029,1.95583,2.1210,116.81,0.40005,3010.7,1.0605,1.4476,7.3254,,1.0605,88.285,14.468,,,2.1210,2624.8,963.85,4332.4,564.00,25.452,111.07,188.79,60.189,144.15,32.767,15.908,59.174,2.4407,0.87306,2.8621,,12.620,0.87306,65.433,9131.6,8.3132,221.96,26.213,141.17,,,1389.3,44541,,162.92,0.75232,160.02,94.130,4383.6,491.76,137.45,0.32797,0.86962,499.53,21974,15942,346.18,199.73,19.934,5.1829,10.900,19.225,4800.2,61.548,2225.9,3655.8,8.5428,,40.843,47.616,16.136,1211.1,,67.768,19.935,848.22,38.854,141.23,0.40827,1.0605,4.0775,3.9351,297.47,7919.5,3.8690,117.16,1303.8,3.9786,8.6713,14.515,,687.00,0.87313,24.024,,605.94,40.370,1099.8,,24.755,9.2794,13749,19.937,11.586,,3.7118,3.3638,2.5130,7.1795,34.367,2649.0,38.3774,4001.3,42.287,12957,,,37.083,26053,130.90,2.9426,655.68,0.70633,60.574,2.8634,,0.80849,655.67,34.256,119.19,27.959,265.42,,23.334,,,
2023-12-01,2023-11-30,4.0141,76.078,101.71,439.15,1.9566,913.71,394.09,1.9566,1.8583,1.95583,2.1862,120.40,0.41211,3106.9,1.0931,1.4613,7.5533,,1.0931,91.158,14.832,,,2.1862,2711.6,952.18,4432.3,581.37,26.234,110.22,194.30,62.361,146.78,33.774,16.397,61.098,2.4570,0.86555,2.9546,,13.117,0.86555,69.630,9393.6,8.5553,228.79,27.056,144.07,,,1432.0,45910,,168.85,0.77555,167.46,97.142,4499.7,492.84,141.88,0.33753,0.89635,501.44,22597,16431,358.43,205.54,20.647,5.2684,11.017,19.371,4930.1,61.611,2296.4,3757.3,8.7939,,43.287,48.212,16.618,1837.3,,69.681,20.647,862.75,40.149,145.74,0.42083,1.0931,4.0892,4.0711,311.53,8121.3,3.9869,117.41,1357.8,4.1005,8.9379,14.798,,655.27,0.86548,24.632,,624.57,41.434,1178.7,,24.632,9.5646,14190,20.647,11.969,,3.8259,3.3982,2.5374,7.3907,34.186,2741.6,39.9582,4172.2,42.664,13448,,,38.790,26520,131.33,2.9769,657.11,0.73873,59.940,2.9514,,0.81985,657.11,30.218,119.46,27.277,273.54,,25.998,,,
2024-01-01,2023-12-29,4.0584,77.972,103.78,446.53,1.9780,924.98,893.36,1.9780,1.8774,1.95583,2.2100,121.12,0.41656,3146.3,1.1050,1.4580,7.6420,,1.1050,91.946,14.812,,,2.2100,2924.1,967.41,4266.7,576.64,26.520,110.45,196.39,64.182,148.38,34.153,16.575,61.880,2.4323,0.86782,2.9708,,13.205,0.86789,72.764,9502.4,8.6464,231.28,27.295,144.96,,,1447.6,46410,,169.45,0.78345,173.31,98.379,4517.5,491.01,143.68,0.33958,0.90611,503.97,22731,16609,357.39,208.25,20.256,5.2758,10.897,19.147,5060.1,61.430,2321.0,3796.7,8.8939,,43.421,48.989,16.813,1856.6,,70.610,20.256,1006.4,40.555,147.02,0.42541,1.1050,4.1043,4.1185,311.13,8044.8,4.0277,116.99,1391.4,4.1439,9.0352,15.359,,663.61,0.86789,25.107,,631.37,40.788,1193.6,,24.680,9.6688,14369,20.256,12.101,,3.8675,3.3910,2.5461,7.4752,33.790,2776.3,42.2079,4177.0,43.154,13642,,,39.572,26817,130.46,2.9720,654.68,0.69307,60.070,2.9835,,0.82360,654.68,32.425,119.01,29.250,276.53,,28.426,,,
2024-02-01,2024-01-31,3.9804,80.779,103.58,436.87,1.9398,907.80,895.41,1.9398,1.8412,1.95583,2.1674,118.88,0.40858,3092.4,1.0837,1.4484,7.4876,,1.0837,89.993,14.744,,,2.1674,2905.2,1010.6,4247.9,557.80,26.009,110.26,192.55,63.753,145.66,33.462,16.256,61.171,2.4325,0.85043,2.9016,,13.373,0.85043,72.628,9311.9,8.4633,226.82,26.744,142.41,,,1419.6,45515,,167.27,0.76867,174.18,96.650,4425.3,489.88,140.84,0.33339,0.88864,486.81,22475,16282,341.71,205.64,20.197,5.2289,10.823,19.164,4908.3,61.248,2277.5,3684.0,8.7275,,43.258,48.965,16.488,1820.2,,69.297,20.195,974.46,39.785,144.05,0.41722,1.0837,4.1182,4.0710,302.89,7886.5,3.9503,116.70,1377.3,4.0640,8.8610,15.075,,650.45,0.85036,24.501,,619.00,39.860,1197.3,,24.580,9.4824,14088,20.194,11.869,,3.7930,3.3718,2.5232,7.2997,33.912,2736.3,41.0845,4139.7,42.399,13458,,,39.187,26468,131.00,2.9504,653.18,0.69046,60.906,2.9260,,0.81489,653.18,29.362,118.75,27.660,271.20,,29.403,,,
2024-03-01,2024-02-29,3.9763,79.172,103.86,437.03,1.9379,910.36,911.81,1.9379,1.8393,1.95583,2.1652,118.76,0.40812,3085.7,1.0826,1.4571,7.4808,,1.0826,89.762,14.932,,,2.1652,2945.6,1056.2,4259.8,556.82,25.982,110.61,192.37,63.663,145.47,33.439,16.239,61.310,2.4621,0.85662,2.8757,,13.658,0.85662,73.346,9257.3,8.4566,226.59,26.721,142.78,,,1418.2,45469,,167.86,0.76756,158.74,96.692,4405.1,491.96,140.87,0.33313,0.88774,488.37,22591,96931,334.92,206.99,20.882,5.2296,10.919,19.259,4899.8,61.636,2275.2,3669.4,8.7278,,43.065,50.173,16.472,1823.1,,69.467,20.880,1712.0,39.845,143.62,0.41679,1.0826,4.1074,4.0699,301.23,7889.8,3.9484,117.18,1382.7,4.0601,8.8520,15.199,,650.84,0.85656,24.120,,618.44,38.836,1497.8,,24.722,9.4728,14091,20.878,11.858,,3.7891,3.3774,2.5265,7.3340,34.212,2753.3,41.2968,4252.6,42.343,13518,,,39.104,26684,131.46,2.9475,655.97,0.66327,60.327,2.9230,,0.81619,655.97,27.805,119.25,26.081,270.94,,25.468,,,
2024-04-01,2024-03-28,3.9694,77.038,103.14,426.36,1.9348,909.91,927.06,1.9348,1.8364,1.95583,2.1618,118.57,0.40749,3084.8,1.0809,1.4589,7.4771,,1.0809,90.152,14.848,,,2.1618,3006.0,1062.7,4166.0,542.26,25.942,110.66,192.27,63.942,145.40,51.192,16.214,61.340,2.4494,0.85521,2.9157,,14.306,0.85521,73.326,9285.0,8.4252,226.23,26.699,143.18,,,1416.0,45398,,165.82,0.76614,142.22,96.584,4371.2,491.95,140.27,0.33260,0.88635,484.48,22747,96762,324.42,208.33,20.518,5.2304,10.932,19.073,4740.3,61.519,2273.1,3647.5,8.7116,,42.912,50.874,16.462,1864.9,,69.378,20.519,1533.3,39.829,144.24,0.41614,1.0809,4.0186,4.0773,300.46,7987.4,3.9419,117.14,1391.1,4.0539,8.8381,15.109,,647.88,0.85521,24.368,,617.73,37.964,1717.8,,24.677,9.4579,14029,20.519,11.840,,3.7832,3.3758,2.5338,7.3280,34.584,2763.8,42.313,4194.7,40.574,13621,,,39.183,26788,131.06,2.9728,655.94,0.73388,65.816,2.9184,,0.81576,655.93,30.183,119.25,26.913,270.50,,26.941,,,
2024-05-01,2024-04-30,3.9377,77.671,100.58,416.29,1.9191,903.81,939.88,1.9191,1.8227,1.95583,2.1442,117.50,0.40424,3065.7,1.0721,1.4594,7.4163,,1.0721,89.451,14.686,,,2.1442,2956.0,1009.7,4144.7,540.50,25.730,110.61,190.71,62.590,143.98,51.332,16.082,61.344,2.4371,0.85488,2.8742,,14.648,0.85488,72.561,9209.3,8.3334,224.39,26.485,141.57,,,1404.5,45028,,167.06,0.76012,144.47,95.095,4359.2,491.99,139.35,0.33013,0.87913,474.25,22882,95953,318.27,207.15,20.070,5.2193,10.824,18.946,4747.5,61.567,2253.1,3616.6,8.6357,,42.358,50.908,16.325,1851.9,,68.343,20.070,1476.3,39.474,143.13,0.41276,1.0721,4.0011,4.0780,298.41,8018.7,3.9094,117.10,1385.7,4.0210,8.9045,14.932,,643.76,0.85488,24.241,,612.71,36.518,1690.2,,24.575,9.3809,13938,20.070,11.734,,3.7524,3.3689,2.5232,7.2671,34.927,2773.6,42.468,4088.4,41.029,13540,,,39.004,27162,130.26,2.9486,655.98,0.79567,69.359,2.8947,,0.81343,655.98,28.592,119.25,28.193,268.33,,28.600,,,
2024-06-01,2024-05-31,3.9858,77.776,100.76,423.12,1.9425,934.89,970.58,1.9425,1.8436,1.95583,2.1704,127.25,0.40914,3107.5,1.0852,1.4664,7.4781,,1.0852,90.576,14.745,,,2.1704,3010.8,995.91,4195.6,568.46,26.045,110.65,192.84,64.222,145.84,51.276,16.278,62.221,2.4491,0.85361,3.0289,,16.007,0.85361,73.794,9327.1,8.4316,226.59,26.812,143.71,,,1421.6,45578,,168.55,0.76952,141.76,95.226,4444.4,491.98,141.00,0.33313,0.88987,485.30,23298,97125,327.06,210.32,20.308,5.2664,10.802,19.122,4807.0,61.749,2282.2,3677.0,8.7384,,42.948,50.185,16.525,1874.0,,69.128,20.308,1615.3,39.957,144.74,0.41782,1.0852,4.0679,4.1579,301.98,8184.0,3.9564,117.10,1410.3,4.0704,8.9686,15.346,,651.39,0.85361,24.579,,620.19,35.029,1680.6,,24.800,9.4955,14104,20.308,11.745,,3.7982,3.3828,2.5045,7.3447,35.235,2821.5,44.026,4133.7,42.008,13683,,,39.631,27619,130.16,2.9393,655.97,0.92703,69.424,2.9300,,0.82051,655.97,28.351,119.25,30.967,271.61,,28.164,,,
2024-07-01,2024-06-28,3.9312,75.976,100.23,415.12,1.9158,926.27,975.18,1.9158,1.8183,1.95583,2.1406,125.49,0.40348,3070.5,1.0703,1.4512,7.3920,,1.0703,89.251,14.542,,,2.1406,3016.1,1022.1,4458.4,559.96,25.687,110.63,190.22,63.249,143.87,51.405,16.055,61.663,2.3998,0.84642,2.9965,,16.345,0.84642,72.356,9169.4,8.3162,223.16,26.507,140.95,,,1402.1,44953,,166.75,0.75831,138.36,92.313,4400.5,491.97,139.20,0.32827,0.87765,506.13,23602,95792,327.05,207.89,19.510,5.2166,10.669,19.212,4786.3,61.596,2250.8,3614.9,8.6085,,42.192,50.804,16.286,1849.7,,68.175,19.510,1621.2,39.414,142.80,0.41208,1.0703,4.1014,4.1165,297.94,8067.4,3.9023,116.99,1402.4,4.0154,8.8674,15.167,,643.05,0.84642,24.177,,616.23,33.331,1659.3,,24.568,9.3651,13924,19.510,11.443,,3.7461,3.3637,2.4770,7.2555,34.718,2818.2,43.353,3969.8,42.319,13444,,,38.957,27244,128.95,2.9061,655.96,0.88263,70.116,2.8898,,0.81391,655.96,29.008,119.25,30.469,267.91,,27.533,,,
2024-08-01,2024-07-31,3.9782,76.460,100.21,419.97,1.9387,963.33,1009.6,1.9387,1.8412,1.95583,2.1662,127.26,0.40827,3111.8,1.0831,1.4490,7.4817,,1.0831,90.687,14.656,,,2.1662,3067.7,1033.4,4423.0,568.56,25.994,110.63,192.65,64.141,145.54,52.596,16.247,81.684,2.4644,0.84373,2.9379,,16.835,0.84373,74.073,9327.7,8.3935,226.26,26.815,142.06,,,1418.9,45490,,169.32,0.76738,140.08,91.414,4451.5,491.98,140.70,0.33098,0.88815,514.31,24026,96937,327.39,211.62,19.754,5.2335,10.729,19.187,4897.8,61.508,2277.8,3659.2,8.7154,,42.886,50.527,16.559,1874.9,,68.522,19.754,1779.0,39.906,145.09,0.41699,1.0831,4.0377,4.1916,301.87,8190.9,3.9495,117.02,1426.2,4.0637,9.0485,15.020,,649.92,0.84373,24.474,,619.26,31.543,1769.0,,24.585,9.4771,14072,19.754,11.552,,3.7909,3.3628,2.5575,7.3266,35.555,2915.9,44.481,4033.1,43.595,13589,,,39.602,27346,131.74,2.9805,655.93,0.85254,71.788,2.9244,,0.81721,655.93,27.302,119.25,28.768,271.03,,28.377,,,
2024-09-01,2024-08-30,4.0714,78.186,99.754,429.82,1.9842,1019.1,1053.3,1.9842,1.8843,1.95583,2.2170,131.86,0.41783,3191.9,1.1085,1.4438,7.6604,,1.1085,92.973,14.682,,,2.2170,3140.9,1011.6,4567.0,574.92,26.604,110.63,197.21,66.015,148.28,53.887,16.628,121.29,2.4551,0.84073,2.9785,,17.348,0.84073,76.841,9557.1,8.5720,231.57,27.381,145.31,,,1452.1,46557,,173.75,0.78582,142.84,94.448,4506.1,491.95,144.08,0.33861,0.90898,534.09,24481,99238,331.67,216.27,19.547,5.2771,10.779,19.280,5018.2,61.525,2331.2,3745.8,8.9028,,44.042,51.551,16.852,1926.0,,70.113,19.547,1765.6,40.826,148.74,0.42676,1.1085,4.1561,4.3166,308.82,8494.1,4.0411,117.01,1476.5,4.1599,9.1010,15.334,,665.53,0.84079,25.089,,633.78,32.036,3189.5,,24.564,9.6994,14410,19.549,11.790,,3.8798,3.3757,2.5424,7.4953,35.424,3012.8,45.478,4121.2,44.652,14010,,,40.566,27574,131.84,2.9863,655.94,0.85747,73.121,2.9930,,0.82243,655.94,28.626,119.25,27.355,277.41,,28.960,,,
2024-10-01,2024-09-30,4.1116,76.701,98.787,433.32,2.0037,1070.0,1081.9,2.0037,1.9030,1.95583,2.2388,133.69,0.42196,3245.1,1.1194,1.4341,7.7149,,1.1194,93.807,14.576,,,2.2388,3178.2,1004.2,4676.5,579.19,26.866,110.72,198.96,67.390,147.78,54.077,16.791,132.35,2.4436,0.83531,3.0532,,17.681,0.83531,78.163,9661.5,8.6606,234.07,27.868,146.80,,,1466.4,47015,,175.97,0.79354,144.35,94.112,4549.8,491.99,145.50,0.34150,0.91792,538.27,24708,100209,331.38,217.19,19.224,5.3054,10.851,19.488,5067.9,61.559,2352.0,3785.4,8.9524,,44.349,51.386,17.222,1945.0,,71.489,19.224,1870.0,41.234,150.05,0.43097,1.1194,4.1559,4.3864,310.99,8730.4,4.0809,117.08,1503.3,4.1994,9.1454,15.246,,672.02,0.83531,25.917,,639.74,33.921,3432.7,,24.727,9.7948,14551,19.223,11.904,,3.9179,3.3856,2.5470,7.5818,35.445,3046.0,46.075,4129.4,46.558,14255,,,41.245,27501,132.77,3.0083,655.97,0.90082,75.921,3.0224,,0.82613,655.98,28.826,119.25,28.342,280.09,,29.636,,,
2024-11-01,2024-10-30,3.9716,72.687,98.247,418.46,1.9355,992.79,1069.7,1.9355,1.8376,1.95583,2.1626,129.22,0.40770,3142.1,1.0813,1.4327,7.4842,,1.0813,90.924,14.456,,,2.1626,3074.7,1041.1,4778.3,554.16,25.951,110.72,192.31,65.126,144.17,52.711,16.220,130.52,2.4642,0.83369,2.9736,,17.571,0.83369,76.275,9321.1,8.3536,226.21,27.264,142.00,,,1416.5,45415,,171.10,0.76686,139.49,91.796,4391.8,491.98,140.50,0.33149,0.88667,528.26,23726,96835,316.68,207.69,19.146,5.2161,10.675,19.297,4980.2,61.558,2272.1,3681.3,8.6556,,42.879,49.897,16.680,1872.3,,68.900,19.146,1789.1,39.813,145.44,0.41630,1.0813,4.0773,4.2672,300.44,8553.2,3.9422,117.05,1470.6,4.0610,8.8414,15.236,,649.04,0.83369,24.575,,617.69,36.113,3299.2,,24.532,9.4614,14057,19.146,11.503,,3.7846,3.3560,2.5305,7.3302,34.624,2937.8,44.589,3962.1,44.608,13824,,,45.299,27351,131.03,2.9520,655.97,1.0129,82.878,2.9195,,0.81427,655.97,34.255,119.25,30.396,270.57,,28.865,,,
2024-12-01,2024-11-29,3.8794,71.789,98.269,417.20,1.8906,973.42,1065.8,1.8906,1.7956,1.95583,2.1124,126.32,0.39821,3084.5,1.0562,1.4158,7.2983,,1.0562,89.242,14.370,,,2.1124,3010.2,1033.2,4683.5,537.79,25.349,110.64,187.75,63.781,140.85,52.382,15.843,131.41,2.4109,0.83231,2.9570,,16.183,0.83231,74.183,9067.0,8.1473,220.22,26.607,138.07,,,1383.6,44360,,165.90,0.74885,137.03,91.573,4254.4,491.99,137.36,0.32452,0.86609,545.65,23162,94530,306.90,189.76,19.086,5.1637,10.566,19.355,4931.3,61.586,2221.2,3606.9,8.4678,,42.076,49.091,16.083,1832.0,,67.472,19.086,1778.1,38.862,142.78,0.40666,1.0562,3.9560,4.1963,293.60,8236.5,3.8501,116.96,1454.2,3.9680,8.7506,15.021,,634.51,0.83231,24.106,,603.62,37.555,3805.4,,24.668,9.2418,13742,19.086,11.402,,3.6967,3.3230,2.5226,7.1272,34.332,2777.4,43.941,3894.6,45.892,13574,,,49.631,26768,129.07,2.9233,655.98,0.93767,80.938,2.8517,,0.80386,655.98,30.135,119.25,28.767,263.84,,28.491,,,
2025-01-01,2024-12-31,3.8166,73.101,98.195,408.37,1.8600,958.61,1071.0,1.8600,1.7665,1.95583,2.0782,124.27,0.39195,3038.2,1.0391,1.4164,7.1903,,1.0391,88.960,14.492,,,2.0782,2948.4,1035.5,4577.6,528.95,24.938,110.56,184.75,63.447,140.88,52.829,15.587,130.78,2.4346,0.82909,2.9303,,15.275,0.82909,73.662,8949.6,8.0084,216.65,26.295,135.54,,,1361.2,43642,,161.15,0.73672,134.40,90.194,4187.6,491.98,135.43,0.32020,0.85207,545.15,22691,92999,304.30,188.17,19.610,5.1062,10.517,19.140,4882.3,61.525,2183.3,3555.9,8.3121,,41.341,48.796,15.810,1801.8,,65.983,19.610,1601.9,38.279,142.34,0.40005,1.0391,3.9061,4.1933,289.37,8124.6,3.7874,117.05,1436.3,3.9033,8.7836,15.115,,625.68,0.82909,23.597,,594.11,36.653,4045.7,,24.575,9.0921,13549,19.610,11.392,,3.6369,3.3116,2.5288,7.0331,34.074,2497.0,43.699,3828.9,45.560,13384,,,53.767,26483,129.83,2.9361,655.98,0.89267,80.696,2.8056,,0.79678,655.98,27.990,119.25,28.057,259.39,,28.932,,,
2025-02-01,2025-01-31,3.8179,78.478,99.719,414.38,1.8607,957.50,1092.8,1.8607,1.7676,1.95583,2.0790,126.35,0.39188,3071.8,1.0395,1.4095,7.1554,,1.0395,90.039,14.458,,,2.0790,2959.8,1025.2,4329.6,524.30,24.948,110.70,184.75,64.237,140.62,52.215,15.593,132.93,2.4203,0.83635,2.9653,,15.954,0.83635,73.763,8983.1,8.0406,217.67,26.483,134.99,,,1361.7,43659,,163.34,0.73711,134.25,90.859,4185.9,491.98,134.85,0.32072,0.85240,538.78,22617,93053,309.64,204.13,19.381,5.1034,10.420,19.367,4859.2,61.621,2186.1,3577.0,8.3435,,41.472,48.474,16.030,1802.0,,66.355,19.381,1557.8,38.255,144.04,0.40020,1.0395,3.8670,4.1680,289.82,8195.7,3.7905,117.17,1464.3,3.8989,8.6625,15.219,,622.98,0.83635,23.884,,594.07,36.453,4452.0,,24.521,9.0956,13491,19.381,11.370,,3.6383,3.3162,2.4916,7.0303,33.971,2633.4,43.326,3827.2,44.841,13477,,,59.848,26073,129.89,2.9134,655.97,0.97988,86.765,2.8067,,0.79634,655.97,30.651,119.25,30.243,258.63,,29.147,,,
2025-03-01,2025-02-28,3.8239,76.547,99.206,410.67,1.8637,959.07,1105.5,1.8637,1.7692,1.95583,2.0824,126.51,0.39243,3051.7,1.0412,1.4036,7.1921,,1.0412,91.118,14.401,,,2.0824,2971.2,993.66,4299.6,527.97,24.989,110.63,185.36,64.843,140.62,52.736,15.618,132.93,2.4169,0.82589,2.9076,,16.139,0.82589,73.766,8964.0,8.0310,218.13,26.607,136.36,,,1364.0,43730,,163.39,0.73821,134.58,91.027,4182.5,491.99,135.14,0.32151,0.85379,518.88,22595,93239,307.33,206.63,19.200,5.0991,10.362,19.455,4899.8,61.597,2189.6,3597.4,8.3416,,41.460,48.790,15.844,1804.9,,66.465,19.199,1562.5,38.403,145.78,0.40086,1.0412,3.8254,4.1866,291.09,8244.8,3.7957,117.16,1466.0,3.9050,8.6767,15.205,,624.25,0.82589,23.855,,596.35,37.028,4612.5,,24.669,9.1105,13519,19.200,11.408,,3.6442,3.3054,2.4732,7.0302,34.261,2698.2,43.244,3827.3,44.202,13421,,,66.797,26610,129.58,2.9011,655.99,0.96229,88.353,2.8112,,0.79290,655.99,28.422,119.25,29.226,257.38,,29.700,,,
2025-04-01,2025-03-31,3.9727,76.744,99.269,423.74,,996.28,1158.1,1.9361,1.8386,1.95583,2.1632,131.68,0.40773,3184.0,1.0816,1.4522,7.4863,,1.0816,92.444,14.837,,,2.1632,3095.3,1030.1,4545.8,541.07,25.958,110.66,191.86,68.229,144.52,54.690,16.224,140.75,2.5171,0.83521,2.9906,,16.785,0.83521,76.648,9356.4,8.3427,227.03,27.657,141.74,,,1416.9,45427,,169.53,0.76685,139.90,94.325,4329.6,491.98,140.57,0.33348,0.88692,544.74,23411,96858,320.34,215.50,19.885,5.2240,10.417,19.480,4997.0,61.450,2274.6,3768.4,8.6661,,43.096,49.524,16.457,1869.5,,68.411,19.885,1660.7,39.740,147.91,0.41639,1.0816,3.9568,4.3896,303.00,8629.8,3.9430,117.21,1518.1,4.0573,8.8511,15.733,,649.35,0.83521,24.551,,617.05,39.283,4812.2,,24.598,9.4640,14063,19.885,11.825,,3.7856,3.3593,2.5703,7.3100,35.907,2896.9,44.752,3958.8,45.545,13988,,,75.124,27651,133.72,3.0111,655.98,1.0153,92.807,2.9203,1.9361,0.81591,655.98,29.227,119.25,29.580,265.89,,30.690,,,
2025-05-01,2025-04-30,4.1795,80.752,98.770,443.93,,1048.9,1325.4,2.0368,1.9347,1.95583,2.2758,138.48,0.42895,3358.0,1.1379,1.4862,7.8611,,1.1379,96.143,15.545,,,2.2758,3288.1,1077.4,4765.7,575.12,27.310,110.65,202.41,66.779,150.42,57.801,17.069,150.60,2.5850,0.85172,3.1235,,16.128,0.85172,81.147,9849.0,8.7600,238.28,29.433,148.75,,,1490.6,47792,,179.57,0.80666,147.19,99.345,4561.0,491.97,147.82,0.34872,0.93309,584.44,24582,101931,340.72,227.09,21.127,6.2110,10.532,19.589,5087.6,61.589,2393.0,4058.7,9.0908,,45.055,51.433,17.403,1973.1,,72.638,21.127,1822.3,41.872,153.83,0.43808,1.1379,4.1711,4.6407,319.71,9113.0,4.1481,117.24,1615.0,4.2681,9.3194,16.426,,682.82,0.85166,25.441,,650.31,41.977,5100.0,,24.844,9.9566,14788,21.127,12.072,,3.9827,3.3897,2.6774,7.6700,36.380,3060.2,47.285,4168.9,47.818,14699,,,98.561,29564,138.25,3.1785,655.96,0.90992,92.664,3.0723,2.0368,0.83850,655.97,26.305,119.25,27.477,278.71,,31.817,,,
2025-06-01,2025-05-30,4.1685,78.794,98.487,436.37,,1045.2,1343.1,2.0315,1.9296,1.95583,2.2698,138.34,0.42785,3342.5,1.1349,1.4646,7.8365,,1.1349,97.126,15.254,,,2.2698,3243.6,1061.5,4676.5,576.29,27.238,110.73,201.67,66.914,149.88,56.432,17.024,149.83,2.5706,0.84166,3.1000,,11.676,0.84166,80.748,9875.8,8.7091,238.22,29.487,148.64,,,1486.7,47666,,180.11,0.80476,146.61,99.105,4548.7,492.01,147.42,0.34828,0.93063,579.46,24514,101670,339.62,226.60,20.315,6.2123,10.482,19.685,5137.4,61.602,2383.1,4051.9,9.1673,,44.907,51.910,17.285,1968.3,,72.445,20.315,1802.2,41.771,155.26,0.43693,1.1349,4.1115,4.6059,320.19,9052.5,4.1367,117.20,1606.3,4.2578,9.3331,16.468,,680.93,0.84166,25.673,,648.60,41.662,5092.1,,24.676,9.9304,14748,20.316,11.505,,3.9722,3.3836,2.6485,7.6708,33.907,3032.2,47.161,4122.7,47.220,14542,,,109.71,29541,137.39,3.1325,655.95,0.93796,93.499,3.0642,2.0315,0.83774,655.95,27.401,119.25,30.347,276.63,,30.359,,,
2025-07-01,2025-06-30,4.3028,82.277,97.922,451.00,,1079.3,1392.2,2.0972,1.9920,1.95583,2.3432,143.24,0.44204,3451.2,1.1716,1.4938,8.0753,,1.1716,100.48,15.601,,,2.3432,3379.1,1102.1,4801.5,591.56,28.118,110.60,208.30,69.812,151.49,58.107,17.574,159.72,2.6465,0.85543,3.1897,,12.126,0.85543,84.161,10118,9.0018,245.10,30.516,153.77,,,1534.8,49207,,187.28,0.83102,151.43,102.21,4699.9,491.97,152.37,0.35826,0.96072,608.73,25261,104917,351.36,233.42,20.838,6.3495,10.576,19.818,5103.5,61.566,2463.7,4190.8,9.4729,,46.413,52.862,17.826,2035.7,,74.844,20.838,1798.1,43.116,160.75,0.45110,1.1716,4.1577,4.8214,332.52,9257.2,4.2704,117.17,1680.8,4.3941,9.5954,16.917,,703.81,0.85543,26.333,,669.57,44.616,5321.7,,24.851,10.252,15244,20.838,12.188,,4.1006,3.3882,2.7310,7.9054,34.248,3081.9,48.892,4211.7,46.939,14873,,,124.66,30578,140.17,3.1828,655.95,0.98526,90.051,3.1633,2.0972,0.85308,655.95,31.582,119.25,37.211,283.81,,28.031,,,
2025-08-01,2025-07-31,4.2037,78.683,97.431,439.47,,1059.2,1507.3,2.0487,1.9459,1.95583,2.2890,139.99,0.43148,3376.1,1.1445,1.4841,7.9085,,1.1445,100.26,16.303,,,2.2890,3287.6,1123.7,4785.7,578.44,27.468,110.59,203.43,69.806,149.33,55.703,17.168,157.76,2.6059,0.86501,3.0976,,12.017,0.86501,82.637,9892.8,8.7801,239.43,29.988,150.12,,,1499.3,48069,,182.65,0.81168,147.90,99.772,4585.7,491.98,148.67,0.35018,0.93850,618.55,24530,102519,345.64,229.18,20.746,6.2300,10.468,19.648,5072.4,61.555,2403.8,4101.9,9.2539,,45.529,53.518,17.414,1988.0,,73.146,20.746,1754.6,42.105,160.41,0.44066,1.1445,4.0847,4.6983,324.35,8459.3,4.1718,117.18,1650.1,4.2932,9.3200,16.628,,686.59,0.86501,26.324,,654.08,42.468,5175.9,,24.331,10.014,14873,20.746,11.012,,4.0058,3.3382,2.6835,7.7282,34.197,2921.3,47.760,4100.0,45.940,14520,,,141.06,29986,137.40,3.1382,655.98,1.0276,92.914,3.0902,2.0487,0.84070,655.98,34.267,119.25,36.871,275.39,,26.460,,,
2025-09-01,2025-08-29,4.2820,79.372,97.869,446.14,,1079.1,1556.8,2.0868,1.9821,1.95583,2.3316,141.47,0.43949,3442.8,1.1658,1.4985,8.0644,,1.1658,102.83,16.774,,,2.3316,3360.6,1128.3,4695.1,589.37,27.979,110.57,207.27,73.522,150.95,56.623,17.487,165.19,2.6477,0.86651,3.1450,,13.582,0.86651,84.055,10101,8.9302,243.89,30.505,152.74,,,1527.2,48964,,185.80,0.82585,150.62,101.82,4674.9,491.97,151.74,0.35630,0.95597,627.98,25272,104397,351.85,233.64,20.680,6.3172,10.513,19.444,5132.5,61.568,2449.6,4186.4,9.3601,,46.430,53.523,17.738,2026.5,,74.411,20.680,1787.3,42.905,163.95,0.44881,1.1658,4.1260,4.7700,329.01,8531.9,4.2497,117.17,1685.0,4.3745,9.4935,17.048,,700.70,0.86651,26.961,,666.25,44.326,5291.5,,24.641,10.201,15180,20.680,11.170,,4.0803,3.3844,2.7270,7.8872,35.640,2901.1,48.161,4135.9,46.595,14532,,,168.31,30718,139.03,3.1966,655.96,1.0705,94.018,3.1477,2.0868,0.85122,655.96,30.200,119.25,37.147,279.84,,27.573,,,
2025-10-01,2025-09-30,4.3136,78.927,96.724,449.85,,1085.8,1595.0,2.1022,1.9967,1.95583,2.3488,142.70,0.44289,3452.7,1.1744,1.5147,8.1151,,1.1744,104.28,16.729,,,2.3488,3139.0,1132.0,4603.0,590.65,28.186,110.70,208.83,73.298,151.71,56.184,17.616,169.18,2.6600,0.87342,3.1991,,14.568,0.87342,85.904,10160,8.9965,245.80,30.709,153.89,,,1538.5,49325,,187.34,0.83241,151.73,102.47,4711.1,491.95,152.71,0.35886,0.96302,644.71,25430,105175,355.14,212.46,20.283,6.3523,10.680,19.577,5211.7,61.597,2469.8,4217.3,9.4122,,46.821,53.613,17.839,2040.5,,74.662,20.283,1739.8,43.225,166.59,0.45217,1.1744,4.0857,4.8751,330.46,8187.1,4.2812,117.21,1700.8,4.4042,9.5713,17.175,,705.17,0.87342,27.161,,671.46,45.784,5361.6,,24.570,10.276,15277,20.283,11.057,,4.1104,3.4110,2.7600,7.9431,35.777,2863.6,48.289,4098.7,46.817,14187,,,204.95,31032,140.60,3.2228,655.93,1.2644,104.47,3.1709,2.1022,0.85751,655.93,33.952,119.25,42.769,280.97,,28.109,,,
2025-11-01,2025-10-30,4.2445,76.617,96.874,441.97,,1069.1,1664.9,2.0685,1.9646,1.95583,2.3112,141.09,0.43565,3411.2,1.1556,1.5051,7.9852,,1.1556,102.50,16.462,,,2.3112,2648.9,1091.8,4493.6,580.01,27.734,110.26,205.46,74.190,150.28,54.570,17.334,173.54,2.6311,0.88039,3.1348,,12.542,0.88039,84.041,9997.3,8.8528,241.87,30.294,151.30,,,1513.8,48535,,184.43,0.81932,149.33,100.83,4644.4,491.97,151.00,0.35450,0.94760,612.87,25071,103540,351.12,211.43,20.050,6.2838,10.723,19.557,5158.6,61.478,2430.2,4140.5,9.2472,,46.116,52.638,17.556,2003.8,,73.467,20.050,1671.4,42.543,163.76,0.44492,1.1556,3.9191,4.8534,324.78,8168.4,4.2125,117.24,1673.6,4.3337,9.4104,16.593,,697.27,0.88039,26.742,,660.37,45.415,5320.1,,24.457,10.112,12847,20.050,10.747,,4.0446,3.3987,2.7159,7.8026,35.483,2815.7,48.391,4021.5,46.075,13887,,,238.38,30427,140.50,3.1843,655.97,1.3441,110.63,3.1201,2.0685,0.84762,655.97,39.316,119.25,44.288,275.85,,25.604,,,
2025-12-01,2025-11-28,4.2481,76.493,96.553,440.71,,1065.2,1678.9,2.0703,1.9663,1.95583,2.3132,141.54,0.43602,3422.5,1.1566,1.5007,7.9632,,1.1566,103.47,16.452,,,2.3132,2553.3,1075.1,4313.7,573.44,27.758,110.49,205.95,72.681,150.88,55.105,17.349,177.10,2.6424,0.87528,3.1255,,13.069,0.87528,84.015,10036,8.8545,242.08,30.363,151.48,,,1515.1,48577,,184.66,0.81980,149.95,100.96,4636.2,491.96,150.36,0.35517,0.94842,593.78,25088,103618,355.91,205.25,19.810,6.3072,10.734,19.660,5168.0,61.595,2432.3,4107.1,9.2719,,46.032,53.385,17.601,2009.6,,73.531,19.810,1673.3,42.586,165.23,0.44529,1.1566,3.8924,4.9238,324.52,8102.7,4.2163,117.36,1679.2,4.3391,9.4186,16.072,,693.92,0.87528,26.791,,660.20,44.710,5282.5,,24.675,10.120,12793,19.810,10.732,,4.0481,3.4088,2.7670,7.8111,36.307,2842.3,48.875,4199.8,45.703,13801,,,281.71,30493,141.83,3.2361,655.94,1.4990,116.00,3.1228,2.0703,0.85134,655.93,39.232,119.25,45.391,275.73,,26.666,,,
2026-01-01,2025-12-31,4.3160,77.711,96.699,448.01,,1085.4,1707.7,2.1034,1.9978,1.95583,2.3502,143.57,0.44302,3481.6,1.1751,1.5104,8.0923,,1.1751,105.61,16.389,,,2.3502,2620.2,1059.4,4436.6,584.58,28.202,110.51,209.24,74.332,151.86,56.006,17.627,181.90,2.6622,0.87245,3.1661,,12.280,0.87245,85.512,10237,9.0021,245.95,30.905,153.85,,,1539.4,49354,,186.93,0.83303,151.59,102.69,4712.7,491.94,152.53,0.36139,0.96359,595.74,25403,105216,363.31,208.11,19.450,6.3629,10.712,19.781,5332.0,61.555,2471.2,4174.8,9.4216,,46.604,54.323,17.894,2037.3,,75.110,19.450,1697.4,43.288,169.09,0.45241,1.1751,3.9519,5.0090,329.17,7754.1,4.2843,117.42,1708.5,4.4071,9.4996,16.415,,704.09,0.87245,27.222,,670.61,45.011,5335.0,,24.752,10.282,12980,19.450,10.847,,4.1129,3.3950,2.7925,7.9560,36.917,2884.0,49.599,4250.3,45.976,14113,,,347.83,30897,141.98,3.2506,655.94,1.9644,117.99,3.1728,2.1034,0.85729,655.94,43.446,119.25,55.271,280.13,,26.046,,,
2026-02-01,2026-01-30,4.3778,78.357,96.663,451.25,,1098.7,1723.3,2.1335,2.0265,1.95583,2.3838,145.66,0.44939,3535.6,1.1919,1.5111,8.2080,,1.1919,109.64,16.216,,,2.3838,2656.1,1030.3,4361.8,589.18,28.606,110.34,211.93,75.139,153.91,55.937,17.879,184.94,2.6294,0.86602,3.2066,,13.046,0.86602,86.264,10434,9.1347,249.46,31.412,156.18,,,1561.4,1296169,,185.90,0.84470,153.76,104.20,4794.4,491.98,155.00,0.36562,0.97737,599.70,25636,106784,368.61,216.84,19.000,7.4771,10.837,20.074,5328.4,61.602,2506.6,4245.0,9.5861,,47.307,54.115,18.150,2068.8,,75.774,19.000,1649.6,43.704,174.91,0.45886,1.1919,3.9868,5.0979,333.56,7951.5,4.3463,117.39,1734.1,4.4705,9.5966,16.737,,715.49,0.86602,28.619,,680.78,45.417,5417.1,,24.975,10.429,137.75,19.000,11.106,,4.1717,3.3843,2.7803,8.0384,37.503,3017.6,50.995,4246.2,46.154,14550,,,430.51,30921,142.52,3.1946,655.97,2.7201,136.78,3.2181,2.1335,0.86321,655.97,49.388,119.25,62.447,284.07,,23.641,,,
2026-03-01,2026-02-27,4.3352,74.936,96.336,444.86,,1087.4,1663.4,2.1127,2.0065,1.95583,2.3606,144.21,0.44502,3499.1,1.1803,1.4941,8.0995,,1.1803,107.38,16.168,,,2.3606,2572.8,1027.4,4462.3,556.57,28.327,110.50,209.81,70.850,153.27,56.588,17.705,182.56,2.5906,0.87624,3.1573,,12.600,0.87624,85.424,10348,9.0446,247.04,31.173,154.76,,,1546.2,1550917,,182.96,0.83612,152.26,103.18,4730.1,491.96,153.41,0.36189,0.96786,587.88,25264,105727,364.91,216.27,18.838,7.4495,10.812,20.242,4960.2,61.590,2482.2,4205.4,9.5113,,46.985,54.730,17.976,2046.1,,75.057,18.838,1606.9,43.495,171.72,0.45440,1.1803,3.9600,5.0657,330.22,7616.5,4.3024,117.46,1718.9,4.4273,9.4956,16.327,,708.32,0.87624,28.416,,673.53,44.576,5365.3,,24.620,10.328,136.33,18.838,11.085,,4.1311,3.3821,2.7455,7.9245,36.971,3000.9,50.870,4246.7,45.383,14358,,,486.12,30755,140.16,3.1703,655.94,2.4669,142.03,3.1868,2.1127,0.85801,655.94,49.595,119.25,64.860,281.39,,22.266,,,
2026-04-01,2026-03-31,4.2215,73.798,95.990,433.69,,1048.3,1606.2,2.0572,1.9532,1.95583,2.2986,141.06,0.43592,3414.0,1.1493,1.4813,7.9411,,1.1493,108.97,16.395,,,2.2986,2585.6,1067.1,4220.6,534.18,27.583,110.65,204.32,69.321,153.13,62.725,17.240,178.10,2.5833,0.86851,3.1002,,12.619,0.86851,84.351,10079,8.7876,240.32,30.481,150.56,,,1505.6,1509347,,180.82,0.81439,149.37,100.48,4605.0,491.96,149.06,0.35572,0.94244,547.91,25217,102964,362.25,210.37,19.643,7.3372,10.766,20.317,4807.1,61.667,2416.9,4096.8,9.2797,,45.869,54.098,17.501,1989.7,,73.138,19.643,1591.6,42.300,173.91,0.44243,1.1493,4.0243,4.9603,321.03,7445.2,4.1910,117.49,1679.2,4.3134,9.1724,16.460,,688.24,0.86858,27.727,,656.82,43.031,5240.3,,24.518,10.056,132.47,19.643,10.927,,4.0226,3.3812,2.6954,7.7351,36.836,2964.0,50.402,4319.9,46.682,14013,,,539.29,30273,138.32,3.1609,655.95,2.0375,127.95,3.1031,2.0572,0.84644,655.94,40.653,119.25,53.506,274.18,,22.078,,,
2026-05-01,2026-04-30,4.2975,75.286,95.495,433.78,,1087.0,1628.0,2.0943,1.9878,1.95583,2.3400,143.32,0.44176,3494.9,1.1700,1.4930,8.0765,,1.1700,111.05,16.341,,,2.3400,2705.1,1062.5,4239.9,531.84,28.080,110.47,208.02,69.760,154.98,62.733,17.550,183.29,2.5743,0.86635,3.1462,,13.092,0.86635,85.713,10252,8.9322,244.88,31.138,153.02,,,1532.7,1535971,,183.32,0.82895,151.11,102.46,4690.2,491.96,151.79,0.36009,0.95941,542.53,25671,104866,373.67,214.22,19.646,7.4207,10.812,20.174,4856.5,61.601,2461.1,4180.3,9.4397,,46.689,54.952,17.818,2025.3,,74.400,19.646,1609.5,43.038,177.56,0.45045,1.1700,4.1219,5.0870,326.54,7160.4,4.2651,117.38,1710.7,4.3881,9.2857,16.833,,700.88,0.86635,28.238,,668.66,43.696,5418.7,,24.656,10.238,134.87,19.646,10.985,,4.0950,3.3792,2.6866,7.8671,37.046,3058.5,51.414,4388.5,47.188,13979,,,567.88,30828,138.55,3.1325,655.95,2.0238,127.33,3.1590,2.0943,0.85400,655.95,41.091,119.25,53.965,279.07,,22.031,,,
2026-06-01,2026-05-29,4.2781,74.370,95.482,428.83,,1084.6,1641.7,2.0848,1.9798,1.95583,2.3294,142.90,0.43913,3463.3,1.1647,1.4872,8.0431,,1.1647,110.65,16.267,,,2.3294,2633.8,1037.7,4242.2,525.82,27.953,110.45,207.01,67.994,154.52,60.818,17.471,186.11,2.5542,0.86730,3.1039,,13.668,0.86730,85.156,10216,8.8764,243.42,31.006,152.35,,,1525.8,1562349,,182.72,0.82519,150.82,101.88,4689.1,491.98,151.33,0.36050,0.95506,568.12,25529,104299,383.58,212.62,18.895,7.3930,10.677,20.155,4870.3,61.611,2449.4,4161.5,9.4001,,46.548,55.154,17.721,2018.8,,73.992,18.895,1599.3,42.802,177.63,0.44843,1.1647,3.9759,5.0749,324.56,7012.4,4.2458,117.45,1705.3,4.3708,9.2583,16.315,,698.71,0.86730,28.108,,665.63,43.194,5448.8,,24.589,10.191,134.46,18.895,10.754,,4.0765,3.3777,2.6762,7.8480,36.527,3047.9,51.563,4390.9,46.723,13978,,,625.97,30651,137.73,3.1208,655.98,2.0826,125.01,3.1447,2.0848,0.85221,655.98,37.903,119.25,53.089,277.92,,21.429,,,
2026-07-01,2026-06-30,4.1854,73.619,94.180,418.96,,1058.2,1687.5,2.0397,1.9365,1.95583,2.2790,140.02,0.42959,3393.5,1.1395,1.4755,7.8652,,1.1395,107.87,16.049,,,2.2790,2588.1,1050.6,3934.7,516.76,27.348,110.35,202.54,67.642,151.79,56.091,17.093,181.91,2.5492,0.86163,3.0166,,12.905,0.86163,83.326,9985.2,8.6838,237.81,30.476,148.96,,,1492.7,1566747,,179.16,0.80768,147.54,99.627,4589.3,491.95,148.06,0.35303,0.93440,544.34,25548,102108,382.94,206.99,18.664,7.3070,10.710,20.130,4830.5,61.579,2396.4,4075.1,9.2039,,45.507,54.018,17.355,1975.3,,72.441,18.664,1573.2,41.929,172.16,0.43871,1.1395,3.8864,5.0066,317.10,6935.1,4.1542,117.35,1670.2,4.2813,9.1600,15.892,,683.77,0.86163,27.502,,651.22,42.600,5334.7,,24.415,9.9706,131.57,18.664,10.536,,3.9883,3.3605,2.6818,7.6745,36.291,2993.0,50.915,4179.1,45.779,13685,,,708.63,29979,136.82,3.1331,655.93,1.6618,113.63,3.0767,2.0397,0.84021,655.93,34.874,119.25,44.763,271.86,,20.673,,,
2026-08-01,2026-07-31,4.2195,75.422,93.547,421.32,,1073.0,1710.6,2.0564,1.9528,1.95583,2.2976,141.62,0.43314,3436.9,1.1488,1.4759,13.958,,1.1488,109.59,16.388,,,2.2976,2606.6,1063.3,3580.4,518.65,27.571,110.43,204.35,66.885,152.84,58.762,17.232,183.67,2.5672,0.85591,3.0153,,13.424,0.85591,84.536,10085,8.7596,240.56,30.838,150.16,,,1504.9,1584519,,181.06,0.81392,148.64,100.40,4646.9,491.98,149.77,0.35579,0.94203,545.12,25998,103001,385.69,207.94,19.037,7.3553,10.735,20.100,4958.0,61.609,2415.9,4127.1,9.2806,,45.981,54.005,17.496,1993.2,,73.064,19.037,1572.4,42.220,175.43,0.44231,1.1488,3.9002,5.0720,319.48,6856.4,4.1877,117.38,1686.3,4.3143,9.2795,16.091,,691.54,0.85591,27.643,,656.63,43.427,5760.9,,24.573,10.052,140.63,19.037,10.590,,4.0208,3.3797,2.6879,7.7371,37.113,3039.8,51.300,4308.0,46.203,13734,,,856.57,30208,136.75,3.1251,655.97,1.6176,113.57,3.1018,2.0564,0.84424,655.97,36.123,119.25,45.907,273.81,,21.655,,,
2026-09-01,2026-08-31,4.2599,74.917,92.274,422.86,,1058.8,1753.8,2.0760,1.9707,1.95583,2.3196,142.62,0.43727,3475.7,1.1598,1.4760,13.825,,1.1598,110.38,16.198,,,2.3196,2658.5,1080.3,3716.2,522.06,27.835,110.25,206.11,67.745,154.47,59.057,17.397,186.28,2.5671,0.85632,3.0329,,13.044,0.85632,85.721,10173,8.8457,242.98,31.164,151.68,,,1519.3,1594261,,183.38,0.82091,150.14,101.51,4694.9,491.95,150.76,0.35846,0.95105,533.53,26023,103945,380.32,209.64,18.687,7.3639,10.792,20.018,5003.4,61.893,2439.1,4165.7,9.3629,,46.334,54.640,17.743,2017.5,,74.090,18.687,1548.7,42.798,176.87,0.44651,1.1598,3.8932,5.2220,321.90,6857.3,4.2278,117.34,1706.4,4.3547,9.3007,16.476,,696.13,0.85632,27.651,,663.70,43.856,6552.8,,24.916,10.148,141.49,18.687,10.684,,4.0593,3.3794,2.6878,7.7992,36.739,3067.8,51.591,4369.3,46.693,13706,,,920.24,30239,137.04,3.1261,655.94,1.8678,123.52,3.1315,2.0760,0.84578,655.94,38.855,119.25,50.236,274.61,,22.124,,,
2026-10-01,2026-09-30,4.1703,73.862,92.047,412.43,,1051.6,1728.9,2.0324,1.9293,1.95583,2.2708,139.66,0.42801,3403.4,1.1354,1.4501,13.648,,1.1354,108.80,15.902,,,2.2708,2627.8,1105.7,3788.9,516.72,27.250,110.37,201.95,67.447,151.86,59.024,17.031,183.63,2.5636,0.85458,2.9577,,13.290,0.85458,83.518,9985.4,8.6701,237.64,30.587,148.55,,,1487.4,1561270,,179.75,0.80409,147.30,99.338,4603.5,491.98,147.64,0.35053,0.93104,499.71,25490,101759,375.49,201.74,18.613,7.2577,11.000,20.128,4992.3,61.589,2385.7,4078.6,9.1758,,45.390,54.210,17.405,1969.9,,72.480,18.613,1509.6,41.772,174.16,0.43713,1.1354,3.9057,5.0778,314.46,6637.3,4.1397,117.55,1671.9,4.2641,9.1270,16.064,,681.67,0.85458,27.398,,648.88,42.649,6488.3,,24.545,9.9348,138.59,18.613,10.472,,3.9739,3.3795,2.6982,7.7171,36.169,3017.5,50.755,4447.8,45.697,13420,,,972.38,29482,135.19,3.1209,655.97,1.7207,118.68,3.0656,2.0324,0.83556,655.97,34.461,119.25,48.519,268.50,,22.355,,,
